gene	snp	chr	pos	n_pop_AK	n_pop_BC	complete_coverage_AK	complete_coverage_BC	median_deltaAF_AK	median_deltaAF_BC	abs_median_deltaAF_AK	abs_median_deltaAF_BC	mean_deltaAF_AK	mean_deltaAF_BC	abs_mean_deltaAF_AK	abs_mean_deltaAF_BC	directional_concordance_AK	directional_concordance_BC	mean_depth_AK	mean_depth_BC	min_depth_AK	min_depth_BC	median_freshwater_af_AK	median_freshwater_af_BC	marine_af_AK	marine_af_BC	marine_pop_AK	marine_pop_BC	marine_depth_AK	marine_depth_BC	same_nonzero_direction	shared_score	joint_mean_abs_median	minimum_directional_concordance	minimum_mean_depth	has_concordant_candidate	eligible_for_selection	selection_class	selection_method
atp5f1a	chrXIV:3623588:atp5f1a	chrXIV	3623588	11	14	TRUE	TRUE	0.088434	0.18669	0.088434	0.18669	0.125109818181818	0.105420357142857	0.125109818181818	0.105420357142857	0.727272727272727	0.785714285714286	178.454545454545	109	113	76	0.80531	0.844918	0.716876	0.658228	RS	SAY	717	79	TRUE	0.088434	0.137562	0.727272727272727	109	TRUE	TRUE	concordant_preferred	all_25_freshwater_populations;prefer_same_direction_then_maximize_minimum_absolute_regional_median_deltaAF
atp5f1b	chrI:27379942:atp5f1b	chrI	27379942	11	14	TRUE	TRUE	0.172678	0.4120455	0.172678	0.4120455	0.191859363636364	0.316363857142857	0.191859363636364	0.316363857142857	0.909090909090909	0.714285714285714	131.181818181818	91.4285714285714	71	66	0.694737	0.8795775	0.522059	0.467532	RS	SAY	544	77	TRUE	0.172678	0.29236175	0.714285714285714	91.4285714285714	TRUE	TRUE	concordant_preferred	all_25_freshwater_populations;prefer_same_direction_then_maximize_minimum_absolute_regional_median_deltaAF
atp5f1c	chrIV:32979641:atp5f1c	chrIV	32979641	11	14	TRUE	TRUE	0.018852	0.106422	0.018852	0.106422	0.0194161818181818	0.0573147142857143	0.0194161818181818	0.0573147142857143	0.545454545454545	0.642857142857143	122.181818181818	80.9285714285714	75	49	0.633333	0.525341	0.614481	0.418919	RS	SAY	511	74	TRUE	0.018852	0.062637	0.545454545454545	80.9285714285714	TRUE	TRUE	concordant_preferred	all_25_freshwater_populations;prefer_same_direction_then_maximize_minimum_absolute_regional_median_deltaAF
atp5f1d	chrVIII:17884386:atp5f1d	chrVIII	17884386	11	14	TRUE	TRUE	0.053162	0.19689	0.053162	0.19689	0.0414880909090909	0.135385857142857	0.0414880909090909	0.135385857142857	0.636363636363636	0.642857142857143	187.727272727273	113.428571428571	125	73	0.514184	0.77689	0.461022	0.58	RS	SAY	744	100	TRUE	0.053162	0.125026	0.636363636363636	113.428571428571	TRUE	TRUE	concordant_preferred	all_25_freshwater_populations;prefer_same_direction_then_maximize_minimum_absolute_regional_median_deltaAF
atp5if1b	chrXV:7384900:atp5if1b	chrXV	7384900	11	14	TRUE	TRUE	0.037951	0.07777	0.037951	0.07777	0.0345711818181818	-0.236198142857143	0.0345711818181818	0.236198142857143	1	0.571428571428571	146.909090909091	106.214285714286	92	76	1	0.96788	0.962049	0.89011	RS	SAY	527	91	TRUE	0.037951	0.0578605	0.571428571428571	106.214285714286	TRUE	TRUE	concordant_preferred	all_25_freshwater_populations;prefer_same_direction_then_maximize_minimum_absolute_regional_median_deltaAF
atp5l	chrVII:16814726:atp5l	chrVII	16814726	11	14	TRUE	TRUE	0.00520799999999999	0.01	0.00520799999999999	0.01	0.00443754545454544	0.01	0.00443754545454544	0.01	0.909090909090909	1	144.363636363636	99.2142857142857	87	64	1	1	0.994792	0.99	RS	SAY	576	100	TRUE	0.00520799999999999	0.007604	0.909090909090909	99.2142857142857	TRUE	TRUE	concordant_preferred	all_25_freshwater_populations;prefer_same_direction_then_maximize_minimum_absolute_regional_median_deltaAF
atp5mc1	chrXI:2123628:atp5mc1	chrXI	2123628	11	14	TRUE	TRUE	0.011673	0.073171	0.011673	0.073171	0.00928136363636368	0.00121335714285713	0.00928136363636368	0.00121335714285713	0.909090909090909	0.928571428571429	188.090909090909	117.571428571429	122	84	1	1	0.988327	0.926829	RS	SAY	771	123	TRUE	0.011673	0.042422	0.909090909090909	117.571428571429	TRUE	TRUE	concordant_preferred	all_25_freshwater_populations;prefer_same_direction_then_maximize_minimum_absolute_regional_median_deltaAF
atp5mf	chrXI:5531702:atp5mf	chrXI	5531702	11	14	TRUE	TRUE	0.054012	0.130841	0.054012	0.130841	0.0252734545454545	0.0429128571428571	0.0252734545454545	0.0429128571428571	0.909090909090909	0.785714285714286	164.272727272727	110.357142857143	95	60	1	1	0.945988	0.869159	RS	SAY	648	107	TRUE	0.054012	0.0924265	0.785714285714286	110.357142857143	TRUE	TRUE	concordant_preferred	all_25_freshwater_populations;prefer_same_direction_then_maximize_minimum_absolute_regional_median_deltaAF
atp5pb	chrXII:10938493:atp5pb	chrXII	10938493	11	14	TRUE	TRUE	0.073846	0.231481	0.073846	0.231481	0.065657	0.216533	0.065657	0.216533	1	1	165.454545454545	99.0714285714286	105	73	1	1	0.926154	0.768519	RS	SAY	650	108	TRUE	0.073846	0.1526635	1	99.0714285714286	TRUE	TRUE	concordant_preferred	all_25_freshwater_populations;prefer_same_direction_then_maximize_minimum_absolute_regional_median_deltaAF
atp5pd	chrIX:8400934:atp5pd	chrIX	8400934	11	14	TRUE	TRUE	0.061538	0.285714	0.061538	0.285714	0.0571253636363636	0.285714	0.0571253636363636	0.285714	1	1	117.636363636364	58.7857142857143	82	30	1	1	0.938462	0.714286	RS	SAY	195	42	TRUE	0.061538	0.173626	1	58.7857142857143	TRUE	TRUE	concordant_preferred	all_25_freshwater_populations;prefer_same_direction_then_maximize_minimum_absolute_regional_median_deltaAF
atp5pf	chrI:22757026:atp5pf	chrI	22757026	11	14	TRUE	TRUE	0.014903	0.1247455	0.014903	0.1247455	-0.0157290909090909	0.00541157142857149	0.0157290909090909	0.00541157142857149	0.545454545454545	0.571428571428571	132.454545454545	104.357142857143	95	67	0.818182	0.9128815	0.803279	0.788136	RS	SAY	305	118	TRUE	0.014903	0.06982425	0.545454545454545	104.357142857143	TRUE	TRUE	concordant_preferred	all_25_freshwater_populations;prefer_same_direction_then_maximize_minimum_absolute_regional_median_deltaAF
atp5po	chrIV:11725801:atp5po	chrIV	11725801	11	14	TRUE	TRUE	0.560402	0.173628	0.560402	0.173628	0.499324636363636	0.0228352857142857	0.499324636363636	0.0228352857142857	1	0.571428571428571	113.454545454545	100.642857142857	90	61	0.948718	0.782823	0.388316	0.609195	RS	SAY	291	87	TRUE	0.173628	0.367015	0.571428571428571	100.642857142857	TRUE	TRUE	concordant_preferred	all_25_freshwater_populations;prefer_same_direction_then_maximize_minimum_absolute_regional_median_deltaAF
cox4i1	chrII:12508082:cox4i1	chrII	12508082	11	14	TRUE	TRUE	0.9375	0.754345	0.9375	0.754345	0.721818454545455	0.641725928571429	0.721818454545455	0.641725928571429	1	0.857142857142857	142.727272727273	98.7142857142857	86	64	0.9375	0.765709	0	0.011364	RS	SAY	613	88	TRUE	0.754345	0.8459225	0.857142857142857	98.7142857142857	TRUE	TRUE	concordant_preferred	all_25_freshwater_populations;prefer_same_direction_then_maximize_minimum_absolute_regional_median_deltaAF
cox4i2	chrXII:17117200:cox4i2	chrXII	17117200	11	14	TRUE	TRUE	0.00309599999999999	0.013514	0.00309599999999999	0.013514	0.00309599999999999	0.0130001428571429	0.00309599999999999	0.0130001428571429	1	1	167.727272727273	104.857142857143	92	56	1	1	0.996904	0.986486	RS	SAY	646	74	TRUE	0.00309599999999999	0.00830500000000001	1	104.857142857143	TRUE	TRUE	concordant_preferred	all_25_freshwater_populations;prefer_same_direction_then_maximize_minimum_absolute_regional_median_deltaAF
cox5a	chrII:4893554:cox5a	chrII	4893554	11	14	TRUE	TRUE	0.060929	0.1638675	0.060929	0.1638675	0.00417681818181821	0.0412785	0.00417681818181821	0.0412785	0.545454545454545	0.785714285714286	152.909090909091	104.357142857143	92	66	0.889262	0.9794015	0.828333	0.815534	RS	SAY	600	103	TRUE	0.060929	0.11239825	0.545454545454545	104.357142857143	TRUE	TRUE	concordant_preferred	all_25_freshwater_populations;prefer_same_direction_then_maximize_minimum_absolute_regional_median_deltaAF
cox5b	chrXIV:119443:cox5b	chrXIV	119443	11	14	TRUE	TRUE	0	0.016667	0	0.016667	0	0.016667	0	0.016667	0	1	109.090909090909	65.1428571428571	60	35	1	1	1	0.983333	RS	SAY	410	60	FALSE	0	0.00833349999999999	0	65.1428571428571	FALSE	TRUE	opposite_or_zero_fallback	all_25_freshwater_populations;prefer_same_direction_then_maximize_minimum_absolute_regional_median_deltaAF
cox6a1	chrXIII:14693165:cox6a1	chrXIII	14693165	11	14	TRUE	TRUE	0.00330600000000003	0.019048	0.00330600000000003	0.019048	0.00330600000000003	-0.116995928571429	0.00330600000000003	0.116995928571429	1	0.857142857142857	156.909090909091	114.428571428571	92	89	1	1	0.996694	0.980952	RS	SAY	605	105	TRUE	0.00330600000000003	0.011177	0.857142857142857	114.428571428571	TRUE	TRUE	concordant_preferred	all_25_freshwater_populations;prefer_same_direction_then_maximize_minimum_absolute_regional_median_deltaAF
cox6b1	chrV:13811839:cox6b1	chrV	13811839	11	14	TRUE	TRUE	0.0408540000000001	0.1202565	0.0408540000000001	0.1202565	0.0606875454545455	0.121571142857143	0.0606875454545455	0.121571142857143	0.545454545454545	0.642857142857143	167.545454545455	112.785714285714	98	68	0.684211	0.6327565	0.643357	0.5125	RS	SAY	572	80	TRUE	0.0408540000000001	0.0805552500000001	0.545454545454545	112.785714285714	TRUE	TRUE	concordant_preferred	all_25_freshwater_populations;prefer_same_direction_then_maximize_minimum_absolute_regional_median_deltaAF
cox6c	chrXVII:190125:cox6c	chrXVII	190125	11	14	TRUE	TRUE	0.183588	0.257335	0.183588	0.257335	0.166542454545455	0.164169785714286	0.166542454545455	0.164169785714286	0.818181818181818	0.857142857142857	134.818181818182	78.0714285714286	94	51	0.813084	0.948511	0.629496	0.691176	RS	SAY	556	68	TRUE	0.183588	0.2204615	0.818181818181818	78.0714285714286	TRUE	TRUE	concordant_preferred	all_25_freshwater_populations;prefer_same_direction_then_maximize_minimum_absolute_regional_median_deltaAF
cox7a1	chrI:878358:cox7a1	chrI	878358	11	14	TRUE	TRUE	0.0625880000000001	0.3575395	0.0625880000000001	0.3575395	0.063359090909091	0.194633071428571	0.063359090909091	0.194633071428571	0.727272727272727	0.857142857142857	128.181818181818	86.5714285714286	73	59	0.879032	0.9704425	0.816444	0.612903	RS	SAY	523	62	TRUE	0.0625880000000001	0.21006375	0.727272727272727	86.5714285714286	TRUE	TRUE	concordant_preferred	all_25_freshwater_populations;prefer_same_direction_then_maximize_minimum_absolute_regional_median_deltaAF
cox7a2	chrXVIII:12375741:cox7a2	chrXVIII	12375741	11	14	TRUE	TRUE	0	0.010417	0	0.010417	-0.00175763636363637	0.010417	0.00175763636363637	0.010417	0.181818181818182	1	154.272727272727	108.642857142857	94	70	1	1	1	0.989583	RS	SAY	659	96	FALSE	0	0.0052085	0.181818181818182	108.642857142857	FALSE	TRUE	opposite_or_zero_fallback	all_25_freshwater_populations;prefer_same_direction_then_maximize_minimum_absolute_regional_median_deltaAF
cox7a2l	chrV:8976912:cox7a2l	chrV	8976912	11	14	TRUE	TRUE	0.03452	0.128205	0.03452	0.128205	0.0496681818181818	0.0938562142857143	0.0496681818181818	0.0938562142857143	0.818181818181818	0.928571428571429	169.818181818182	113.214285714286	108	79	0.888889	1	0.854369	0.871795	RS	SAY	618	78	TRUE	0.03452	0.0813625	0.818181818181818	113.214285714286	TRUE	TRUE	concordant_preferred	all_25_freshwater_populations;prefer_same_direction_then_maximize_minimum_absolute_regional_median_deltaAF
cox7c	chrXIII:10233925:cox7c	chrXIII	10233925	11	14	TRUE	TRUE	0.00865800000000006	0.00826400000000005	0.00865800000000006	0.00826400000000005	0.00836281818181824	0.00826400000000005	0.00836281818181824	0.00826400000000005	1	1	134.545454545455	109.285714285714	105	78	1	1	0.991342	0.991736	RS	SAY	231	121	TRUE	0.00826400000000005	0.00846100000000005	1	109.285714285714	TRUE	TRUE	concordant_preferred	all_25_freshwater_populations;prefer_same_direction_then_maximize_minimum_absolute_regional_median_deltaAF
cyc1	chrXVII:1524864:cyc1	chrXVII	1524864	11	14	TRUE	TRUE	0.035069	0.05	0.035069	0.05	0.0153155454545455	0.0278802857142858	0.0153155454545455	0.0278802857142858	0.727272727272727	0.857142857142857	176.545454545455	108.714285714286	124	71	0.993007	1	0.957938	0.95	RS	SAY	737	80	TRUE	0.035069	0.0425345	0.727272727272727	108.714285714286	TRUE	TRUE	concordant_preferred	all_25_freshwater_populations;prefer_same_direction_then_maximize_minimum_absolute_regional_median_deltaAF
dmac2l	chrXV:11989905:dmac2l	chrXV	11989905	11	14	TRUE	TRUE	0.114082	0.235849	0.114082	0.235849	0.0860712727272727	0.167061357142857	0.0860712727272727	0.167061357142857	0.818181818181818	0.928571428571429	208.909090909091	123.214285714286	127	78	0.945455	1	0.831373	0.764151	RS	SAY	765	106	TRUE	0.114082	0.1749655	0.818181818181818	123.214285714286	TRUE	TRUE	concordant_preferred	all_25_freshwater_populations;prefer_same_direction_then_maximize_minimum_absolute_regional_median_deltaAF
ensgacg00000004591	chrXVI:9921589:ensgacg00000004591	chrXVI	9921589	11	14	TRUE	TRUE	-0.02027	-0.206544	0.02027	0.206544	-0.0412593636363637	-0.237054571428571	0.0412593636363637	0.237054571428571	0.727272727272727	0.714285714285714	177.636363636364	110	104	76	0.583082	0.619144	0.603352	0.825688	RS	SAY	716	109	TRUE	0.02027	0.113407	0.714285714285714	110	TRUE	TRUE	concordant_preferred	all_25_freshwater_populations;prefer_same_direction_then_maximize_minimum_absolute_regional_median_deltaAF
ensgacg00000011687	chrVI:17227162:ensgacg00000011687	chrVI	17227162	11	14	TRUE	TRUE	0.00891299999999995	0.012346	0.00891299999999995	0.012346	0.00706718181818176	0.012346	0.00706718181818176	0.012346	0.818181818181818	1	145.090909090909	106.071428571429	84	76	1	1	0.991087	0.987654	RS	SAY	561	81	TRUE	0.00891299999999995	0.0106295	0.818181818181818	106.071428571429	TRUE	TRUE	concordant_preferred	all_25_freshwater_populations;prefer_same_direction_then_maximize_minimum_absolute_regional_median_deltaAF
ensgacg00000013583	chrXI:14075465:ensgacg00000013583	chrXI	14075465	11	14	TRUE	TRUE	0.129111	0.212121	0.129111	0.212121	0.0640290909090909	0.183325071428571	0.0640290909090909	0.183325071428571	0.727272727272727	0.928571428571429	204.727272727273	121	123	86	0.923706	1	0.794595	0.787879	RS	SAY	740	99	TRUE	0.129111	0.170616	0.727272727272727	121	TRUE	TRUE	concordant_preferred	all_25_freshwater_populations;prefer_same_direction_then_maximize_minimum_absolute_regional_median_deltaAF
hccsb	chrXXI:3392957:hccsb	chrXXI	3392957	11	14	TRUE	TRUE	-0.0892580000000001	-0.892087	0.0892580000000001	0.892087	-0.144077909090909	-0.640915357142857	0.144077909090909	0.640915357142857	0.818181818181818	0.785714285714286	167.181818181818	111	106	62	0.897106	0.009148	0.986364	0.901235	RS	SAY	660	81	TRUE	0.0892580000000001	0.4906725	0.785714285714286	111	TRUE	TRUE	concordant_preferred	all_25_freshwater_populations;prefer_same_direction_then_maximize_minimum_absolute_regional_median_deltaAF
ndufa1	chrIV:6650535:ndufa1	chrIV	6650535	11	14	TRUE	TRUE	0.032727	0.045045	0.032727	0.045045	0.00091072727272723	0.045045	0.00091072727272723	0.045045	0.636363636363636	1	164.090909090909	110.857142857143	100	74	1	1	0.967273	0.954955	RS	SAY	550	111	TRUE	0.032727	0.038886	0.636363636363636	110.857142857143	TRUE	TRUE	concordant_preferred	all_25_freshwater_populations;prefer_same_direction_then_maximize_minimum_absolute_regional_median_deltaAF
ndufa10	chrXVI:17577992:ndufa10	chrXVI	17577992	11	14	TRUE	TRUE	0.086904	0.191568	0.086904	0.191568	0.058248	0.0287452142857143	0.058248	0.0287452142857143	0.545454545454545	0.785714285714286	142.090909090909	92.9285714285714	90	54	0.835052	0.976378	0.748148	0.78481	RS	SAY	540	79	TRUE	0.086904	0.139236	0.545454545454545	92.9285714285714	TRUE	TRUE	concordant_preferred	all_25_freshwater_populations;prefer_same_direction_then_maximize_minimum_absolute_regional_median_deltaAF
ndufa11	chrVIII:958706:ndufa11	chrVIII	958706	11	14	TRUE	TRUE	0.100127	0.229885	0.100127	0.229885	0.0577678181818182	0.0752537142857143	0.0577678181818182	0.0752537142857143	0.727272727272727	0.857142857142857	174.727272727273	109.357142857143	117	71	0.834711	1	0.734584	0.770115	RS	SAY	746	87	TRUE	0.100127	0.165006	0.727272727272727	109.357142857143	TRUE	TRUE	concordant_preferred	all_25_freshwater_populations;prefer_same_direction_then_maximize_minimum_absolute_regional_median_deltaAF
ndufa12	chrIII:13902558:ndufa12	chrIII	13902558	11	14	TRUE	TRUE	0.0676089999999999	0.223408	0.0676089999999999	0.223408	0.0333683636363636	0.0518715714285714	0.0333683636363636	0.0518715714285714	0.545454545454545	0.714285714285714	144.636363636364	103.071428571429	97	68	0.897527	0.975883	0.829918	0.752475	RS	SAY	488	101	TRUE	0.0676089999999999	0.1455085	0.545454545454545	103.071428571429	TRUE	TRUE	concordant_preferred	all_25_freshwater_populations;prefer_same_direction_then_maximize_minimum_absolute_regional_median_deltaAF
ndufa13	chrIII:7198835:ndufa13	chrIII	7198835	11	14	TRUE	TRUE	0.037994	0	0.037994	0	0.000482181818181786	-0.0339988571428571	0.000482181818181786	0.0339988571428571	0.818181818181818	0.214285714285714	155.636363636364	97.0714285714286	87	60	1	1	0.962006	1	RS	SAY	658	84	FALSE	0	0.018997	0.214285714285714	97.0714285714286	FALSE	TRUE	opposite_or_zero_fallback	all_25_freshwater_populations;prefer_same_direction_then_maximize_minimum_absolute_regional_median_deltaAF
ndufa2	chrVII:30636567:ndufa2	chrVII	30636567	11	14	TRUE	TRUE	0.00172099999999997	0.0202020000000001	0.00172099999999997	0.0202020000000001	0.00172099999999997	0.0202020000000001	0.00172099999999997	0.0202020000000001	1	1	156.181818181818	99.5714285714286	97	64	1	1	0.998279	0.979798	RS	SAY	581	99	TRUE	0.00172099999999997	0.0109615	1	99.5714285714286	TRUE	TRUE	concordant_preferred	all_25_freshwater_populations;prefer_same_direction_then_maximize_minimum_absolute_regional_median_deltaAF
ndufa4	chrXI:8086890:ndufa4	chrXI	8086890	11	14	TRUE	TRUE	0.84049	0.682027	0.84049	0.682027	0.772442181818182	0.597570714285714	0.772442181818182	0.597570714285714	1	0.928571428571429	116.181818181818	70.9285714285714	72	28	0.861702	0.702435	0.021212	0.020408	RS	SAY	330	49	TRUE	0.682027	0.7612585	0.928571428571429	70.9285714285714	TRUE	TRUE	concordant_preferred	all_25_freshwater_populations;prefer_same_direction_then_maximize_minimum_absolute_regional_median_deltaAF
ndufa5	chrIV:22974639:ndufa5	chrIV	22974639	11	14	TRUE	TRUE	0	0.012987	0	0.012987	0	0.012987	0	0.012987	0	1	130.636363636364	90.9285714285714	77	57	1	1	1	0.987013	RS	SAY	446	77	FALSE	0	0.00649349999999999	0	90.9285714285714	FALSE	TRUE	opposite_or_zero_fallback	all_25_freshwater_populations;prefer_same_direction_then_maximize_minimum_absolute_regional_median_deltaAF
ndufa6	chrXI:4830134:ndufa6	chrXI	4830134	11	14	TRUE	TRUE	0.0428579999999999	0.014085	0.0428579999999999	0.014085	-0.041936	-0.026499	0.041936	0.026499	0.636363636363636	0.928571428571429	151.545454545455	103.857142857143	88	83	0.977876	1	0.935018	0.985915	RS	SAY	554	71	TRUE	0.014085	0.0284715	0.636363636363636	103.857142857143	TRUE	TRUE	concordant_preferred	all_25_freshwater_populations;prefer_same_direction_then_maximize_minimum_absolute_regional_median_deltaAF
ndufa7	chrVIII:10962957:ndufa7	chrVIII	10962957	11	14	TRUE	TRUE	0.118827	0.049383	0.118827	0.049383	0.0850523636363637	0.0374782142857142	0.0850523636363637	0.0374782142857142	0.909090909090909	0.928571428571429	153.545454545455	109.142857142857	95	78	1	1	0.881173	0.950617	RS	SAY	648	81	TRUE	0.049383	0.084105	0.909090909090909	109.142857142857	TRUE	TRUE	concordant_preferred	all_25_freshwater_populations;prefer_same_direction_then_maximize_minimum_absolute_regional_median_deltaAF
ndufa8	chrXIV:7767580:ndufa8	chrXIV	7767580	11	14	TRUE	TRUE	0.212179	0.127125	0.212179	0.127125	0.133069636363636	-0.00405771428571434	0.133069636363636	0.00405771428571434	0.727272727272727	0.642857142857143	175.454545454545	113.571428571429	116	60	0.759124	0.97561	0.546945	0.848485	RS	SAY	671	99	TRUE	0.127125	0.169652	0.642857142857143	113.571428571429	TRUE	TRUE	concordant_preferred	all_25_freshwater_populations;prefer_same_direction_then_maximize_minimum_absolute_regional_median_deltaAF
ndufa9a	chrXIX:5582408:ndufa9a	chrXIX	5582408	11	14	TRUE	TRUE	0.00196499999999999	0.016129	0.00196499999999999	0.016129	0.000784363636363634	0.016129	0.000784363636363634	0.016129	0.909090909090909	1	120.181818181818	68.7142857142857	69	30	1	1	0.998035	0.983871	RS	SAY	509	62	TRUE	0.00196499999999999	0.00904699999999997	0.909090909090909	68.7142857142857	TRUE	TRUE	concordant_preferred	all_25_freshwater_populations;prefer_same_direction_then_maximize_minimum_absolute_regional_median_deltaAF
ndufab1b	chrXI:15552841:ndufab1b	chrXI	15552841	11	14	TRUE	TRUE	0.093287	0.184394	0.093287	0.184394	0.054662090909091	0.0470672142857143	0.054662090909091	0.0470672142857143	0.636363636363636	0.642857142857143	168	102.357142857143	102	70	0.686275	0.781955	0.592988	0.597561	RS	SAY	656	82	TRUE	0.093287	0.1388405	0.636363636363636	102.357142857143	TRUE	TRUE	concordant_preferred	all_25_freshwater_populations;prefer_same_direction_then_maximize_minimum_absolute_regional_median_deltaAF
ndufb1	chrXVIII:7633850:ndufb1	chrXVIII	7633850	11	14	TRUE	TRUE	0.018718	0.071429	0.018718	0.071429	0.0140085454545455	0.0281345	0.0140085454545455	0.0281345	0.727272727272727	0.857142857142857	138.636363636364	94.7857142857143	97	68	0.967033	1	0.948315	0.928571	RS	SAY	445	98	TRUE	0.018718	0.0450735	0.727272727272727	94.7857142857143	TRUE	TRUE	concordant_preferred	all_25_freshwater_populations;prefer_same_direction_then_maximize_minimum_absolute_regional_median_deltaAF
ndufb10	chrXI:11680028:ndufb10	chrXI	11680028	11	14	TRUE	TRUE	0.0215379999999999	0.062535	0.0215379999999999	0.062535	0.0167812727272727	-0.0164990714285714	0.0167812727272727	0.0164990714285714	0.909090909090909	0.785714285714286	161.636363636364	97.7142857142857	102	67	1	0.995868	0.978462	0.933333	RS	SAY	650	90	TRUE	0.0215379999999999	0.0420365	0.785714285714286	97.7142857142857	TRUE	TRUE	concordant_preferred	all_25_freshwater_populations;prefer_same_direction_then_maximize_minimum_absolute_regional_median_deltaAF
ndufb2	chrIV:31927965:ndufb2	chrIV	31927965	11	14	TRUE	TRUE	0.09253	0.020833	0.09253	0.020833	0.0878486363636364	-0.00492407142857145	0.0878486363636364	0.00492407142857145	1	0.857142857142857	173.818181818182	115.214285714286	110	61	0.992366	1	0.899836	0.979167	RS	SAY	609	96	TRUE	0.020833	0.0566815	0.857142857142857	115.214285714286	TRUE	TRUE	concordant_preferred	all_25_freshwater_populations;prefer_same_direction_then_maximize_minimum_absolute_regional_median_deltaAF
ndufb3	chrIII:61895:ndufb3	chrIII	61895	11	14	TRUE	TRUE	0.0515760000000001	0.150943	0.0515760000000001	0.150943	0.0226760909090909	0.104912285714286	0.0226760909090909	0.104912285714286	0.727272727272727	0.857142857142857	161.909090909091	101	90	61	0.992395	1	0.940819	0.849057	RS	SAY	659	106	TRUE	0.0515760000000001	0.1012595	0.727272727272727	101	TRUE	TRUE	concordant_preferred	all_25_freshwater_populations;prefer_same_direction_then_maximize_minimum_absolute_regional_median_deltaAF
ndufb4	chrXXI:10019512:ndufb4	chrXXI	10019512	11	14	TRUE	TRUE	0.982456	0.5	0.982456	0.5	0.898877363636364	0.3586985	0.898877363636364	0.3586985	1	0.928571428571429	140.363636363636	93.6428571428571	81	34	0.982456	1	0	0.5	RS	SAY	207	40	TRUE	0.5	0.741228	0.928571428571429	93.6428571428571	TRUE	TRUE	concordant_preferred	all_25_freshwater_populations;prefer_same_direction_then_maximize_minimum_absolute_regional_median_deltaAF
ndufb5	chrVIII:13846658:ndufb5	chrVIII	13846658	11	14	TRUE	TRUE	0.076028	0.3431115	0.076028	0.3431115	0.00681872727272724	0.259617071428571	0.00681872727272724	0.259617071428571	0.727272727272727	0.928571428571429	152.090909090909	104.785714285714	103	69	0.886792	0.9844155	0.810764	0.641304	RS	SAY	576	92	TRUE	0.076028	0.20956975	0.727272727272727	104.785714285714	TRUE	TRUE	concordant_preferred	all_25_freshwater_populations;prefer_same_direction_then_maximize_minimum_absolute_regional_median_deltaAF
ndufb6	chrIX:13851653:ndufb6	chrIX	13851653	11	14	TRUE	TRUE	0.00310999999999995	0.034884	0.00310999999999995	0.034884	0.00310999999999995	0.034884	0.00310999999999995	0.034884	1	1	153.272727272727	90	75	65	1	1	0.99689	0.965116	RS	SAY	643	86	TRUE	0.00310999999999995	0.018997	1	90	TRUE	TRUE	concordant_preferred	all_25_freshwater_populations;prefer_same_direction_then_maximize_minimum_absolute_regional_median_deltaAF
ndufb7	chrIX:7620764:ndufb7	chrIX	7620764	11	14	TRUE	TRUE	-0.11793	-0.4514515	0.11793	0.4514515	-0.187258545454546	-0.414133357142857	0.187258545454546	0.414133357142857	0.909090909090909	0.857142857142857	175.181818181818	116.214285714286	116	80	0.880597	0.5392895	0.998527	0.990741	RS	SAY	679	108	TRUE	0.11793	0.28469075	0.857142857142857	116.214285714286	TRUE	TRUE	concordant_preferred	all_25_freshwater_populations;prefer_same_direction_then_maximize_minimum_absolute_regional_median_deltaAF
ndufb8	chrV:9963872:ndufb8	chrV	9963872	11	14	TRUE	TRUE	0.079149	0.241758	0.079149	0.241758	0.0383190909090909	0.156692428571429	0.0383190909090909	0.156692428571429	0.909090909090909	0.928571428571429	157	109.214285714286	93	72	0.991379	1	0.91223	0.758242	RS	SAY	695	91	TRUE	0.079149	0.1604535	0.909090909090909	109.214285714286	TRUE	TRUE	concordant_preferred	all_25_freshwater_populations;prefer_same_direction_then_maximize_minimum_absolute_regional_median_deltaAF
ndufb9	chrX:17002290:ndufb9	chrX	17002290	11	14	TRUE	TRUE	0.00166100000000002	0.022472	0.00166100000000002	0.022472	0.00166100000000002	-0.0133831428571428	0.00166100000000002	0.0133831428571428	1	0.785714285714286	150.545454545455	92.7857142857143	84	61	1	1	0.998339	0.977528	RS	SAY	602	89	TRUE	0.00166100000000002	0.0120665	0.785714285714286	92.7857142857143	TRUE	TRUE	concordant_preferred	all_25_freshwater_populations;prefer_same_direction_then_maximize_minimum_absolute_regional_median_deltaAF
ndufs1	chrXVI:9552382:ndufs1	chrXVI	9552382	11	14	TRUE	TRUE	-0.09613	-0.128205	0.09613	0.128205	-0.0405431818181819	-0.211724928571429	0.0405431818181819	0.211724928571429	0.636363636363636	0.642857142857143	169.545454545455	106.928571428571	96	73	0.704762	0.666667	0.800892	0.794872	RS	SAY	673	78	TRUE	0.09613	0.1121675	0.636363636363636	106.928571428571	TRUE	TRUE	concordant_preferred	all_25_freshwater_populations;prefer_same_direction_then_maximize_minimum_absolute_regional_median_deltaAF
ndufs2	chrVII:9857476:ndufs2	chrVII	9857476	11	14	TRUE	TRUE	0.916673	0.818182	0.916673	0.818182	0.781832181818182	0.760975928571429	0.781832181818182	0.760975928571429	1	1	157.818181818182	103.571428571429	101	75	0.990909	1	0.074236	0.181818	RS	SAY	687	77	TRUE	0.818182	0.8674275	1	103.571428571429	TRUE	TRUE	concordant_preferred	all_25_freshwater_populations;prefer_same_direction_then_maximize_minimum_absolute_regional_median_deltaAF
ndufs3	chrII:22432471:ndufs3	chrII	22432471	11	14	TRUE	TRUE	0.036209	0.0673029999999999	0.036209	0.0673029999999999	0.0150704545454546	0.00601592857142851	0.0150704545454546	0.00601592857142851	0.818181818181818	0.714285714285714	185.363636363636	113.5	120	82	0.97931	0.988095	0.943101	0.920792	RS	SAY	703	101	TRUE	0.036209	0.051756	0.714285714285714	113.5	TRUE	TRUE	concordant_preferred	all_25_freshwater_populations;prefer_same_direction_then_maximize_minimum_absolute_regional_median_deltaAF
ndufs4	chrXIII:1938010:ndufs4	chrXIII	1938010	11	14	TRUE	TRUE	0.0743239999999999	0.043956	0.0743239999999999	0.043956	0.0416543636363636	0.0404717142857143	0.0416543636363636	0.0404717142857143	0.818181818181818	0.928571428571429	141.818181818182	101.714285714286	79	79	1	1	0.925676	0.956044	RS	SAY	592	91	TRUE	0.043956	0.05914	0.818181818181818	101.714285714286	TRUE	TRUE	concordant_preferred	all_25_freshwater_populations;prefer_same_direction_then_maximize_minimum_absolute_regional_median_deltaAF
ndufs5	chrX:3497484:ndufs5	chrX	3497484	11	14	TRUE	TRUE	0.028899	0.2470125	0.028899	0.2470125	0.00369445454545455	0.151998928571429	0.00369445454545455	0.151998928571429	0.545454545454545	0.857142857142857	177.545454545455	115.714285714286	116	76	0.944828	0.9674425	0.915929	0.72043	RS	SAY	678	93	TRUE	0.028899	0.13795575	0.545454545454545	115.714285714286	TRUE	TRUE	concordant_preferred	all_25_freshwater_populations;prefer_same_direction_then_maximize_minimum_absolute_regional_median_deltaAF
ndufs6	chrX:15803698:ndufs6	chrX	15803698	11	14	TRUE	TRUE	0.063697	0.0571430000000001	0.063697	0.0571430000000001	-0.00279454545454549	-0.0492254285714285	0.00279454545454549	0.0492254285714285	0.636363636363636	0.785714285714286	74.6363636363637	50.1428571428572	40	31	0.970149	1	0.906452	0.942857	RS	SAY	310	35	TRUE	0.0571430000000001	0.06042	0.636363636363636	50.1428571428572	TRUE	TRUE	concordant_preferred	all_25_freshwater_populations;prefer_same_direction_then_maximize_minimum_absolute_regional_median_deltaAF
ndufs7	chrVIII:10731817:ndufs7	chrVIII	10731817	11	14	TRUE	TRUE	-0.338812	-0.5543345	0.338812	0.5543345	-0.346998454545455	-0.459106571428572	0.346998454545455	0.459106571428572	0.909090909090909	0.642857142857143	167.636363636364	100.785714285714	102	75	0.659722	0.4126985	0.998534	0.967033	RS	SAY	682	91	TRUE	0.338812	0.44657325	0.642857142857143	100.785714285714	TRUE	TRUE	concordant_preferred	all_25_freshwater_populations;prefer_same_direction_then_maximize_minimum_absolute_regional_median_deltaAF
ndufs8	chrIV:9195996:ndufs8	chrIV	9195996	11	14	TRUE	TRUE	-0.735849	-0.432114	0.735849	0.432114	-0.629283545454546	-0.413345571428571	0.629283545454546	0.413345571428571	0.909090909090909	0.785714285714286	155.454545454545	100.285714285714	86	66	0.264151	0.472648	1	0.904762	RS	SAY	517	105	TRUE	0.432114	0.5839815	0.785714285714286	100.285714285714	TRUE	TRUE	concordant_preferred	all_25_freshwater_populations;prefer_same_direction_then_maximize_minimum_absolute_regional_median_deltaAF
ndufv1	chrX:8730631:ndufv1	chrX	8730631	11	14	TRUE	TRUE	0.203704	0.093458	0.203704	0.093458	0.133731181818182	0.093458	0.133731181818182	0.093458	0.909090909090909	1	151.545454545455	98.9285714285714	81	64	1	1	0.796296	0.906542	RS	SAY	594	107	TRUE	0.093458	0.148581	0.909090909090909	98.9285714285714	TRUE	TRUE	concordant_preferred	all_25_freshwater_populations;prefer_same_direction_then_maximize_minimum_absolute_regional_median_deltaAF
ndufv2	chrIII:11133395:ndufv2	chrIII	11133395	11	14	TRUE	TRUE	0.00143700000000002	0.00934599999999996	0.00143700000000002	0.00934599999999996	0.00112136363636366	0.00934599999999996	0.00112136363636366	0.00934599999999996	0.909090909090909	1	160.636363636364	99.2142857142857	93	52	1	1	0.998563	0.990654	RS	SAY	696	107	TRUE	0.00143700000000002	0.00539149999999999	0.909090909090909	99.2142857142857	TRUE	TRUE	concordant_preferred	all_25_freshwater_populations;prefer_same_direction_then_maximize_minimum_absolute_regional_median_deltaAF
sdha	chrXX:14457421:sdha	chrXX	14457421	11	14	TRUE	TRUE	0.442692	0.609606	0.442692	0.609606	0.496958363636364	0.3675225	0.496958363636364	0.3675225	0.909090909090909	0.642857142857143	91.8181818181818	58.1428571428572	36	22	0.469512	0.772397	0.02682	0.162791	RS	SAY	261	43	TRUE	0.442692	0.526149	0.642857142857143	58.1428571428572	TRUE	TRUE	concordant_preferred	all_25_freshwater_populations;prefer_same_direction_then_maximize_minimum_absolute_regional_median_deltaAF
sdhc	chrIII:15391182:sdhc	chrIII	15391182	11	14	TRUE	TRUE	0.125688	0.0597970000000001	0.125688	0.0597970000000001	0.0909926363636363	0.0854369285714286	0.0909926363636363	0.0854369285714286	0.727272727272727	0.642857142857143	118.818181818182	93.0714285714286	74	64	0.562874	0.484455	0.437186	0.424658	RS	SAY	398	73	TRUE	0.0597970000000001	0.0927425	0.642857142857143	93.0714285714286	TRUE	TRUE	concordant_preferred	all_25_freshwater_populations;prefer_same_direction_then_maximize_minimum_absolute_regional_median_deltaAF
si_dkey-31b16	chrXVII:8840627:si_dkey-31b16	chrXVII	8840627	11	14	TRUE	TRUE	0.024864	0.0288095	0.024864	0.0288095	-0.0785811818181818	-0.0954917857142857	0.0785811818181818	0.0954917857142857	0.636363636363636	0.785714285714286	170.545454545455	114.785714285714	102	88	0.942529	0.9965515	0.917665	0.967742	RS	SAY	668	93	TRUE	0.024864	0.02683675	0.636363636363636	114.785714285714	TRUE	TRUE	concordant_preferred	all_25_freshwater_populations;prefer_same_direction_then_maximize_minimum_absolute_regional_median_deltaAF
uqcr10	chrXIV:6850876:uqcr10	chrXIV	6850876	11	14	TRUE	TRUE	0.01454	0	0.01454	0	0.0134000909090909	-0.00089285714285714	0.0134000909090909	0.00089285714285714	1	0.0714285714285714	159.818181818182	105.714285714286	112	63	1	1	0.98546	1	RS	SAY	619	97	FALSE	0	0.00727	0.0714285714285714	105.714285714286	FALSE	TRUE	opposite_or_zero_fallback	all_25_freshwater_populations;prefer_same_direction_then_maximize_minimum_absolute_regional_median_deltaAF
uqcrb	chrX:10038917:uqcrb	chrX	10038917	11	14	TRUE	TRUE	0.00551000000000002	0.023529	0.00551000000000002	0.023529	0.00551000000000002	0.023529	0.00551000000000002	0.023529	1	1	128.363636363636	101.785714285714	79	68	1	1	0.99449	0.976471	RS	SAY	363	85	TRUE	0.00551000000000002	0.0145195	1	101.785714285714	TRUE	TRUE	concordant_preferred	all_25_freshwater_populations;prefer_same_direction_then_maximize_minimum_absolute_regional_median_deltaAF
uqcrc1	chrXVII:15423477:uqcrc1	chrXVII	15423477	11	14	TRUE	TRUE	0.084112	0.320922	0.084112	0.320922	-0.0142887272727273	0.220229	0.0142887272727273	0.220229	0.636363636363636	0.785714285714286	153.363636363636	101.642857142857	94	65	0.88	0.968809	0.795888	0.647887	RS	SAY	681	71	TRUE	0.084112	0.202517	0.636363636363636	101.642857142857	TRUE	TRUE	concordant_preferred	all_25_freshwater_populations;prefer_same_direction_then_maximize_minimum_absolute_regional_median_deltaAF
uqcrc2b	chrV:14311851:uqcrc2b	chrV	14311851	11	14	TRUE	TRUE	0.292505	0.3060275	0.292505	0.3060275	0.227105727272727	0.162810642857143	0.227105727272727	0.162810642857143	0.909090909090909	0.785714285714286	91.3636363636364	45.8571428571429	47	27	0.860759	0.9423915	0.568254	0.636364	RS	SAY	315	44	TRUE	0.292505	0.29926625	0.785714285714286	45.8571428571429	TRUE	TRUE	concordant_preferred	all_25_freshwater_populations;prefer_same_direction_then_maximize_minimum_absolute_regional_median_deltaAF
uqcrfs1	chrII:732090:uqcrfs1	chrII	732090	11	14	TRUE	TRUE	0.0648719999999999	0.035714	0.0648719999999999	0.035714	0.0365325454545454	-0.0490210714285714	0.0365325454545454	0.0490210714285714	0.818181818181818	0.785714285714286	123.909090909091	70.9285714285714	68	33	0.989362	1	0.92449	0.964286	RS	SAY	490	56	TRUE	0.035714	0.050293	0.785714285714286	70.9285714285714	TRUE	TRUE	concordant_preferred	all_25_freshwater_populations;prefer_same_direction_then_maximize_minimum_absolute_regional_median_deltaAF
uqcrh	chrVIII:16378273:uqcrh	chrVIII	16378273	11	14	TRUE	TRUE	0.043937	0.0434995	0.043937	0.0434995	-0.0469012727272727	-0.0973548571428571	0.0469012727272727	0.0973548571428571	0.636363636363636	0.785714285714286	168.090909090909	102.5	92	61	0.904762	0.9809995	0.860825	0.9375	RS	SAY	776	96	TRUE	0.0434995	0.04371825	0.636363636363636	102.5	TRUE	TRUE	concordant_preferred	all_25_freshwater_populations;prefer_same_direction_then_maximize_minimum_absolute_regional_median_deltaAF
uqcrq	chrIV:11831338:uqcrq	chrIV	11831338	11	14	TRUE	TRUE	0.641667	0.54344	0.641667	0.54344	0.580910636363636	0.282702928571429	0.580910636363636	0.282702928571429	0.909090909090909	0.714285714285714	141.727272727273	100.571428571429	82	60	0.641667	0.910529	0	0.367089	RS	SAY	461	79	TRUE	0.54344	0.5925535	0.714285714285714	100.571428571429	TRUE	TRUE	concordant_preferred	all_25_freshwater_populations;prefer_same_direction_then_maximize_minimum_absolute_regional_median_deltaAF
