gene	region	population_history	snp	marine_af	marine_pop	n_pop	median_af	median_deltaAF	mean_deltaAF
atp5f1a	AK	established	chrXIV:3623588:atp5f1a	0.716876	RS	8	0.9664145	0.2495385	0.1774965
atp5f1a	AK	recent	chrXIV:3623588:atp5f1a	0.716876	RS	3	0.71131	-0.00556599999999996	-0.0145879999999999
atp5f1a	BC	established	chrXIV:3623588:atp5f1a	0.658228	SAY	12	0.803073	0.144845	0.0668375
atp5f1a	BC	recent	chrXIV:3623588:atp5f1a	0.658228	SAY	2	0.9951455	0.3369175	0.3369175
atp5f1b	AK	established	chrI:27379942:atp5f1b	0.522059	RS	8	0.690392	0.168333	0.16958025
atp5f1b	AK	recent	chrI:27379942:atp5f1b	0.522059	RS	3	0.77686	0.254801	0.251270333333333
atp5f1b	BC	established	chrI:27379942:atp5f1b	0.467532	SAY	12	0.8497905	0.3822585	0.2803465
atp5f1b	BC	recent	chrI:27379942:atp5f1b	0.467532	SAY	2	1	0.532468	0.532468
atp5f1c	AK	established	chrIV:32979641:atp5f1c	0.614481	RS	8	0.6460785	0.0315974999999999	0.040811625
atp5f1c	AK	recent	chrIV:32979641:atp5f1c	0.614481	RS	3	0.575342	-0.039139	-0.0376383333333334
atp5f1c	BC	established	chrIV:32979641:atp5f1c	0.418919	SAY	12	0.6083755	0.1894565	0.135529583333333
atp5f1c	BC	recent	chrIV:32979641:atp5f1c	0.418919	SAY	2	0.0069445	-0.4119745	-0.4119745
atp5f1d	AK	established	chrVIII:17884386:atp5f1d	0.461022	RS	8	0.538305	0.077283	0.036488125
atp5f1d	AK	recent	chrVIII:17884386:atp5f1d	0.461022	RS	3	0.514184	0.053162	0.0548213333333333
atp5f1d	BC	established	chrVIII:17884386:atp5f1d	0.58	SAY	12	0.77689	0.19689	0.1231735
atp5f1d	BC	recent	chrVIII:17884386:atp5f1d	0.58	SAY	2	0.78866	0.20866	0.20866
atp5if1b	AK	established	chrXV:7384900:atp5if1b	0.962049	RS	8	1	0.037951	0.034273875
atp5if1b	AK	recent	chrXV:7384900:atp5if1b	0.962049	RS	3	0.996587	0.034538	0.035364
atp5if1b	BC	established	chrXV:7384900:atp5if1b	0.89011	SAY	12	0.7410465	-0.1490635	-0.29286325
atp5if1b	BC	recent	chrXV:7384900:atp5if1b	0.89011	SAY	2	0.9939025	0.1037925	0.1037925
atp5l	AK	established	chrVII:16814726:atp5l	0.994792	RS	8	1	0.00520799999999999	0.00520799999999999
atp5l	AK	recent	chrVII:16814726:atp5l	0.994792	RS	3	1	0.00520799999999999	0.00238299999999999
atp5l	BC	established	chrVII:16814726:atp5l	0.99	SAY	12	1	0.01	0.01
atp5l	BC	recent	chrVII:16814726:atp5l	0.99	SAY	2	1	0.01	0.01
atp5mc1	AK	established	chrXI:2123628:atp5mc1	0.988327	RS	8	1	0.011673	0.00995687500000005
atp5mc1	AK	recent	chrXI:2123628:atp5mc1	0.988327	RS	3	1	0.011673	0.00748000000000004
atp5mc1	BC	established	chrXI:2123628:atp5mc1	0.926829	SAY	12	1	0.073171	-0.0107795833333334
atp5mc1	BC	recent	chrXI:2123628:atp5mc1	0.926829	SAY	2	1	0.073171	0.073171
atp5mf	AK	established	chrXI:5531702:atp5mf	0.945988	RS	8	1	0.054012	0.018408875
atp5mf	AK	recent	chrXI:5531702:atp5mf	0.945988	RS	3	0.993007	0.0470189999999999	0.0435789999999999
atp5mf	BC	established	chrXI:5531702:atp5mf	0.869159	SAY	12	1	0.130841	0.0282581666666667
atp5mf	BC	recent	chrXI:5531702:atp5mf	0.869159	SAY	2	1	0.130841	0.130841
atp5pb	AK	established	chrXII:10938493:atp5pb	0.926154	RS	8	1	0.073846	0.070557125
atp5pb	AK	recent	chrXII:10938493:atp5pb	0.926154	RS	3	0.981413	0.055259	0.05259
atp5pb	BC	established	chrXII:10938493:atp5pb	0.768519	SAY	12	1	0.231481	0.214041666666667
atp5pb	BC	recent	chrXII:10938493:atp5pb	0.768519	SAY	2	1	0.231481	0.231481
atp5pd	AK	established	chrIX:8400934:atp5pd	0.938462	RS	8	1	0.061538	0.060569
atp5pd	AK	recent	chrIX:8400934:atp5pd	0.938462	RS	3	0.992	0.053538	0.0479423333333333
atp5pd	BC	established	chrIX:8400934:atp5pd	0.714286	SAY	12	1	0.285714	0.285714
atp5pd	BC	recent	chrIX:8400934:atp5pd	0.714286	SAY	2	1	0.285714	0.285714
atp5pf	AK	established	chrI:22757026:atp5pf	0.803279	RS	8	0.803828	0.000549000000000022	-0.03151775
atp5pf	AK	recent	chrI:22757026:atp5pf	0.803279	RS	3	0.88843	0.0851510000000001	0.0263740000000001
atp5pf	BC	established	chrI:22757026:atp5pf	0.788136	SAY	12	0.8053185	0.0171825	-0.0257450833333333
atp5pf	BC	recent	chrI:22757026:atp5pf	0.788136	SAY	2	0.9804875	0.1923515	0.1923515
atp5po	AK	established	chrIV:11725801:atp5po	0.388316	RS	8	0.954359	0.566043	0.54372925
atp5po	AK	recent	chrIV:11725801:atp5po	0.388316	RS	3	0.72381	0.335494	0.380912333333333
atp5po	BC	established	chrIV:11725801:atp5po	0.609195	SAY	12	0.595263	-0.013932	-0.0113700833333334
atp5po	BC	recent	chrIV:11725801:atp5po	0.609195	SAY	2	0.8372625	0.2280675	0.2280675
cox4i1	AK	established	chrII:12508082:cox4i1	0	RS	8	0.994186	0.994186	0.856054
cox4i1	AK	recent	chrII:12508082:cox4i1	0	RS	3	0.390323	0.390323	0.363857
cox4i1	BC	established	chrII:12508082:cox4i1	0.011364	SAY	12	0.8012645	0.7899005	0.7484785
cox4i1	BC	recent	chrII:12508082:cox4i1	0.011364	SAY	2	0.0125745	0.0012105	0.0012105
cox4i2	AK	established	chrXII:17117200:cox4i2	0.996904	RS	8	1	0.00309599999999999	0.00309599999999999
cox4i2	AK	recent	chrXII:17117200:cox4i2	0.996904	RS	3	1	0.00309599999999999	0.00309599999999999
cox4i2	BC	established	chrXII:17117200:cox4i2	0.986486	SAY	12	1	0.013514	0.0129145
cox4i2	BC	recent	chrXII:17117200:cox4i2	0.986486	SAY	2	1	0.013514	0.013514
cox5a	AK	established	chrII:4893554:cox5a	0.828333	RS	8	0.772157	-0.056176	-0.024602375
cox5a	AK	recent	chrII:4893554:cox5a	0.828333	RS	3	0.895753	0.06742	0.0809213333333334
cox5a	BC	established	chrII:4893554:cox5a	0.815534	SAY	12	0.9451485	0.1296145	0.0174139166666667
cox5a	BC	recent	chrII:4893554:cox5a	0.815534	SAY	2	1	0.184466	0.184466
cox5b	AK	established	chrXIV:119443:cox5b	1	RS	8	1	0	0
cox5b	AK	recent	chrXIV:119443:cox5b	1	RS	3	1	0	0
cox5b	BC	established	chrXIV:119443:cox5b	0.983333	SAY	12	1	0.016667	0.016667
cox5b	BC	recent	chrXIV:119443:cox5b	0.983333	SAY	2	1	0.016667	0.016667
cox6a1	AK	established	chrXIII:14693165:cox6a1	0.996694	RS	8	1	0.00330600000000003	0.00330600000000003
cox6a1	AK	recent	chrXIII:14693165:cox6a1	0.996694	RS	3	1	0.00330600000000003	0.00330600000000003
cox6a1	BC	established	chrXIII:14693165:cox6a1	0.980952	SAY	12	1	0.019048	-0.139669916666667
cox6a1	BC	recent	chrXIII:14693165:cox6a1	0.980952	SAY	2	1	0.019048	0.019048
cox6b1	AK	established	chrV:13811839:cox6b1	0.643357	RS	8	0.66155	0.0181930000000001	0.0624733750000001
cox6b1	AK	recent	chrV:13811839:cox6b1	0.643357	RS	3	0.742647	0.09929	0.0559253333333334
cox6b1	BC	established	chrV:13811839:cox6b1	0.5125	SAY	12	0.7794825	0.2669825	0.192592833333333
cox6b1	BC	recent	chrV:13811839:cox6b1	0.5125	SAY	2	0.207941	-0.304559	-0.304559
cox6c	AK	established	chrXVII:190125:cox6c	0.629496	RS	8	0.8696205	0.2401245	0.24292375
cox6c	AK	recent	chrXVII:190125:cox6c	0.629496	RS	3	0.487395	-0.142101	-0.037141
cox6c	BC	established	chrXVII:190125:cox6c	0.691176	SAY	12	0.9292805	0.2381045	0.14006075
cox6c	BC	recent	chrXVII:190125:cox6c	0.691176	SAY	2	1	0.308824	0.308824
cox7a1	AK	established	chrI:878358:cox7a1	0.816444	RS	8	0.927888	0.111444	0.0823145000000001
cox7a1	AK	recent	chrI:878358:cox7a1	0.816444	RS	3	0.863636	0.047192	0.0128113333333334
cox7a1	BC	established	chrI:878358:cox7a1	0.612903	SAY	12	0.9704425	0.3575395	0.1879795
cox7a1	BC	recent	chrI:878358:cox7a1	0.612903	SAY	2	0.8474575	0.2345545	0.2345545
cox7a2	AK	established	chrXVIII:12375741:cox7a2	1	RS	8	1	0	-0.00241675000000001
cox7a2	AK	recent	chrXVIII:12375741:cox7a2	1	RS	3	1	0	0
cox7a2	BC	established	chrXVIII:12375741:cox7a2	0.989583	SAY	12	1	0.010417	0.010417
cox7a2	BC	recent	chrXVIII:12375741:cox7a2	0.989583	SAY	2	1	0.010417	0.010417
cox7a2l	AK	established	chrV:8976912:cox7a2l	0.854369	RS	8	0.940134	0.085765	0.05845125
cox7a2l	AK	recent	chrV:8976912:cox7a2l	0.854369	RS	3	0.872483	0.018114	0.0262466666666666
cox7a2l	BC	established	chrV:8976912:cox7a2l	0.871795	SAY	12	1	0.128205	0.0899629166666667
cox7a2l	BC	recent	chrV:8976912:cox7a2l	0.871795	SAY	2	0.989011	0.117216	0.117216
cox7c	AK	established	chrXIII:10233925:cox7c	0.991342	RS	8	1	0.00865800000000006	0.00865800000000006
cox7c	AK	recent	chrXIII:10233925:cox7c	0.991342	RS	3	1	0.00865800000000006	0.00757566666666672
cox7c	BC	established	chrXIII:10233925:cox7c	0.991736	SAY	12	1	0.00826400000000005	0.00826400000000005
cox7c	BC	recent	chrXIII:10233925:cox7c	0.991736	SAY	2	1	0.00826400000000005	0.00826400000000005
cyc1	AK	established	chrXVII:1524864:cyc1	0.957938	RS	8	1	0.042062	0.02936275
cyc1	AK	recent	chrXVII:1524864:cyc1	0.957938	RS	3	0.914815	-0.0431229999999999	-0.0221436666666666
cyc1	BC	established	chrXVII:1524864:cyc1	0.95	SAY	12	1	0.05	0.0241936666666667
cyc1	BC	recent	chrXVII:1524864:cyc1	0.95	SAY	2	1	0.05	0.05
dmac2l	AK	established	chrXV:11989905:dmac2l	0.831373	RS	8	0.9494715	0.1180985	0.10271975
dmac2l	AK	recent	chrXV:11989905:dmac2l	0.831373	RS	3	0.914826	0.083453	0.0416753333333333
dmac2l	BC	established	chrXV:11989905:dmac2l	0.764151	SAY	12	1	0.235849	0.15559675
dmac2l	BC	recent	chrXV:11989905:dmac2l	0.764151	SAY	2	1	0.235849	0.235849
ensgacg00000004591	AK	established	chrXVI:9921589:ensgacg00000004591	0.603352	RS	8	0.518441	-0.084911	-0.07010225
ensgacg00000004591	AK	recent	chrXVI:9921589:ensgacg00000004591	0.603352	RS	3	0.588235	-0.015117	0.035655
ensgacg00000004591	BC	established	chrXVI:9921589:ensgacg00000004591	0.825688	SAY	12	0.6221055	-0.2035825	-0.242139666666667
ensgacg00000004591	BC	recent	chrXVI:9921589:ensgacg00000004591	0.825688	SAY	2	0.619144	-0.206544	-0.206544
ensgacg00000011687	AK	established	chrVI:17227162:ensgacg00000011687	0.991087	RS	8	1	0.00891299999999995	0.00773374999999994
ensgacg00000011687	AK	recent	chrVI:17227162:ensgacg00000011687	0.991087	RS	3	1	0.00891299999999995	0.0052896666666666
ensgacg00000011687	BC	established	chrVI:17227162:ensgacg00000011687	0.987654	SAY	12	1	0.012346	0.012346
ensgacg00000011687	BC	recent	chrVI:17227162:ensgacg00000011687	0.987654	SAY	2	1	0.012346	0.012346
ensgacg00000013583	AK	established	chrXI:14075465:ensgacg00000013583	0.794595	RS	8	0.9380015	0.1434065	0.088764125
ensgacg00000013583	AK	recent	chrXI:14075465:ensgacg00000013583	0.794595	RS	3	0.923706	0.129111	-0.00193100000000003
ensgacg00000013583	BC	established	chrXI:14075465:ensgacg00000013583	0.787879	SAY	12	1	0.212121	0.17852575
ensgacg00000013583	BC	recent	chrXI:14075465:ensgacg00000013583	0.787879	SAY	2	1	0.212121	0.212121
hccsb	AK	established	chrXXI:3392957:hccsb	0.986364	RS	8	0.8237825	-0.1625815	-0.185746375
hccsb	AK	recent	chrXXI:3392957:hccsb	0.986364	RS	3	0.9631	-0.0232640000000001	-0.032962
hccsb	BC	established	chrXXI:3392957:hccsb	0.901235	SAY	12	0.0083545	-0.8928805	-0.763386333333333
hccsb	BC	recent	chrXXI:3392957:hccsb	0.901235	SAY	2	0.9951455	0.0939105	0.0939105
ndufa1	AK	established	chrIV:6650535:ndufa1	0.967273	RS	8	1	0.032727	0.00457387499999995
ndufa1	AK	recent	chrIV:6650535:ndufa1	0.967273	RS	3	0.955466	-0.011807	-0.00885766666666669
ndufa1	BC	established	chrIV:6650535:ndufa1	0.954955	SAY	12	1	0.045045	0.045045
ndufa1	BC	recent	chrIV:6650535:ndufa1	0.954955	SAY	2	1	0.045045	0.045045
ndufa10	AK	established	chrXVI:17577992:ndufa10	0.748148	RS	8	0.8884	0.140252	0.07451175
ndufa10	AK	recent	chrXVI:17577992:ndufa10	0.748148	RS	3	0.732283	-0.015865	0.014878
ndufa10	BC	established	chrXVI:17577992:ndufa10	0.78481	SAY	12	0.976378	0.191568	0.0111119166666667
ndufa10	BC	recent	chrXVI:17577992:ndufa10	0.78481	SAY	2	0.919355	0.134545	0.134545
ndufa11	AK	established	chrVIII:958706:ndufa11	0.734584	RS	8	0.8891295	0.1545455	0.044432
ndufa11	AK	recent	chrVIII:958706:ndufa11	0.734584	RS	3	0.832836	0.098252	0.09333
ndufa11	BC	established	chrVIII:958706:ndufa11	0.770115	SAY	12	1	0.229885	0.204100333333333
ndufa11	BC	recent	chrVIII:958706:ndufa11	0.770115	SAY	2	0.072289	-0.697826	-0.697826
ndufa12	AK	established	chrIII:13902558:ndufa12	0.829918	RS	8	0.94144	0.111522	0.0541533749999999
ndufa12	AK	recent	chrIII:13902558:ndufa12	0.829918	RS	3	0.785311	-0.0446070000000001	-0.0220583333333334
ndufa12	BC	established	chrIII:13902558:ndufa12	0.752475	SAY	12	0.9555165	0.2030415	0.0192626666666667
ndufa12	BC	recent	chrIII:13902558:ndufa12	0.752475	SAY	2	1	0.247525	0.247525
ndufa13	AK	established	chrIII:7198835:ndufa13	0.962006	RS	8	1	0.037994	-0.00947312500000003
ndufa13	AK	recent	chrIII:7198835:ndufa13	0.962006	RS	3	0.989247	0.027241	0.0270296666666666
ndufa13	BC	established	chrIII:7198835:ndufa13	1	SAY	12	1	0	-0.0396653333333333
ndufa13	BC	recent	chrIII:7198835:ndufa13	1	SAY	2	1	0	0
ndufa2	AK	established	chrVII:30636567:ndufa2	0.998279	RS	8	1	0.00172099999999997	0.00172099999999997
ndufa2	AK	recent	chrVII:30636567:ndufa2	0.998279	RS	3	1	0.00172099999999997	0.00172099999999997
ndufa2	BC	established	chrVII:30636567:ndufa2	0.979798	SAY	12	1	0.0202020000000001	0.0202020000000001
ndufa2	BC	recent	chrVII:30636567:ndufa2	0.979798	SAY	2	1	0.0202020000000001	0.0202020000000001
ndufa4	AK	established	chrXI:8086890:ndufa4	0.021212	RS	8	0.8866195	0.8654075	0.829303875
ndufa4	AK	recent	chrXI:8086890:ndufa4	0.021212	RS	3	0.668478	0.647266	0.620811
ndufa4	BC	established	chrXI:8086890:ndufa4	0.020408	SAY	12	0.7891485	0.7687405	0.696075833333333
ndufa4	BC	recent	chrXI:8086890:ndufa4	0.020408	SAY	2	0.026948	0.00654	0.00654
ndufa5	AK	established	chrIV:22974639:ndufa5	1	RS	8	1	0	0
ndufa5	AK	recent	chrIV:22974639:ndufa5	1	RS	3	1	0	0
ndufa5	BC	established	chrIV:22974639:ndufa5	0.987013	SAY	12	1	0.012987	0.012987
ndufa5	BC	recent	chrIV:22974639:ndufa5	0.987013	SAY	2	1	0.012987	0.012987
ndufa6	AK	established	chrXI:4830134:ndufa6	0.935018	RS	8	0.9158	-0.0192180000000001	-0.073043
ndufa6	AK	recent	chrXI:4830134:ndufa6	0.935018	RS	3	0.977876	0.0428579999999999	0.041016
ndufa6	BC	established	chrXI:4830134:ndufa6	0.985915	SAY	12	1	0.014085	-0.033263
ndufa6	BC	recent	chrXI:4830134:ndufa6	0.985915	SAY	2	1	0.014085	0.014085
ndufa7	AK	established	chrVIII:10962957:ndufa7	0.881173	RS	8	1	0.118827	0.112003875
ndufa7	AK	recent	chrVIII:10962957:ndufa7	0.881173	RS	3	0.912664	0.031491	0.0131816666666667
ndufa7	BC	established	chrVIII:10962957:ndufa7	0.950617	SAY	12	1	0.049383	0.0354940833333333
ndufa7	BC	recent	chrVIII:10962957:ndufa7	0.950617	SAY	2	1	0.049383	0.049383
ndufa8	AK	established	chrXIV:7767580:ndufa8	0.546945	RS	8	0.7544745	0.2075295	0.106399375
ndufa8	AK	recent	chrXIV:7767580:ndufa8	0.546945	RS	3	0.759124	0.212179	0.204190333333333
ndufa8	BC	established	chrXIV:7767580:ndufa8	0.848485	SAY	12	0.909345	0.0608599999999999	-0.0299865000000001
ndufa8	BC	recent	chrXIV:7767580:ndufa8	0.848485	SAY	2	1	0.151515	0.151515
ndufa9a	AK	established	chrXIX:5582408:ndufa9a	0.998035	RS	8	1	0.00196499999999999	0.000341624999999998
ndufa9a	AK	recent	chrXIX:5582408:ndufa9a	0.998035	RS	3	1	0.00196499999999999	0.00196499999999999
ndufa9a	BC	established	chrXIX:5582408:ndufa9a	0.983871	SAY	12	1	0.016129	0.016129
ndufa9a	BC	recent	chrXIX:5582408:ndufa9a	0.983871	SAY	2	1	0.016129	0.016129
ndufab1b	AK	established	chrXI:15552841:ndufab1b	0.592988	RS	8	0.7498715	0.1568835	0.127778125
ndufab1b	AK	recent	chrXI:15552841:ndufab1b	0.592988	RS	3	0.427536	-0.165452	-0.140314
ndufab1b	BC	established	chrXI:15552841:ndufab1b	0.597561	SAY	12	0.7120475	0.1144865	0.00435283333333332
ndufab1b	BC	recent	chrXI:15552841:ndufab1b	0.597561	SAY	2	0.9009145	0.3033535	0.3033535
ndufb1	AK	established	chrXVIII:7633850:ndufb1	0.948315	RS	8	0.9793815	0.0310665	0.019596125
ndufb1	AK	recent	chrXVIII:7633850:ndufb1	0.948315	RS	3	0.967033	0.018718	-0.000891666666666661
ndufb1	BC	established	chrXVIII:7633850:ndufb1	0.928571	SAY	12	1	0.071429	0.05833375
ndufb1	BC	recent	chrXVIII:7633850:ndufb1	0.928571	SAY	2	0.77551	-0.153061	-0.153061
ndufb10	AK	established	chrXI:11680028:ndufb10	0.978462	RS	8	1	0.0215379999999999	0.0215379999999999
ndufb10	AK	recent	chrXI:11680028:ndufb10	0.978462	RS	3	0.986207	0.00774499999999989	0.0040966666666666
ndufb10	BC	established	chrXI:11680028:ndufb10	0.933333	SAY	12	0.9912385	0.0579055	-0.0303600833333333
ndufb10	BC	recent	chrXI:11680028:ndufb10	0.933333	SAY	2	1	0.066667	0.066667
ndufb2	AK	established	chrIV:31927965:ndufb2	0.899836	RS	8	0.9966885	0.0968525	0.094393125
ndufb2	AK	recent	chrIV:31927965:ndufb2	0.899836	RS	3	0.986622	0.086786	0.0703966666666667
ndufb2	BC	established	chrIV:31927965:ndufb2	0.979167	SAY	12	1	0.020833	-0.00921691666666669
ndufb2	BC	recent	chrIV:31927965:ndufb2	0.979167	SAY	2	1	0.020833	0.020833
ndufb3	AK	established	chrIII:61895:ndufb3	0.940819	RS	8	1	0.059181	0.023490625
ndufb3	AK	recent	chrIII:61895:ndufb3	0.940819	RS	3	0.948	0.00718099999999999	0.020504
ndufb3	BC	established	chrIII:61895:ndufb3	0.849057	SAY	12	1	0.150943	0.0983820833333334
ndufb3	BC	recent	chrIII:61895:ndufb3	0.849057	SAY	2	0.9931505	0.1440935	0.1440935
ndufb4	AK	established	chrXXI:10019512:ndufb4	0	RS	8	0.9893045	0.9893045	0.941293625
ndufb4	AK	recent	chrXXI:10019512:ndufb4	0	RS	3	0.729885	0.729885	0.785767333333333
ndufb4	BC	established	chrXXI:10019512:ndufb4	0.5	SAY	12	1	0.5	0.453909333333333
ndufb4	BC	recent	chrXXI:10019512:ndufb4	0.5	SAY	2	0.2874335	-0.2125665	-0.2125665
ndufb5	AK	established	chrVIII:13846658:ndufb5	0.810764	RS	8	0.8883115	0.0775475	0.00809774999999997
ndufb5	AK	recent	chrVIII:13846658:ndufb5	0.810764	RS	3	0.812	0.00123600000000001	0.00340799999999997
ndufb5	BC	established	chrVIII:13846658:ndufb5	0.641304	SAY	12	0.9528655	0.3115615	0.243103916666667
ndufb5	BC	recent	chrVIII:13846658:ndufb5	0.641304	SAY	2	1	0.358696	0.358696
ndufb6	AK	established	chrIX:13851653:ndufb6	0.99689	RS	8	1	0.00310999999999995	0.00310999999999995
ndufb6	AK	recent	chrIX:13851653:ndufb6	0.99689	RS	3	1	0.00310999999999995	0.00310999999999995
ndufb6	BC	established	chrIX:13851653:ndufb6	0.965116	SAY	12	1	0.034884	0.034884
ndufb6	BC	recent	chrIX:13851653:ndufb6	0.965116	SAY	2	1	0.034884	0.034884
ndufb7	AK	established	chrIX:7620764:ndufb7	0.998527	RS	8	0.9370405	-0.0614865000000001	-0.1762985
ndufb7	AK	recent	chrIX:7620764:ndufb7	0.998527	RS	3	0.856209	-0.142318	-0.216485333333333
ndufb7	BC	established	chrIX:7620764:ndufb7	0.990741	SAY	12	0.4863795	-0.5043615	-0.415871583333333
ndufb7	BC	recent	chrIX:7620764:ndufb7	0.990741	SAY	2	0.587037	-0.403704	-0.403704
ndufb8	AK	established	chrV:9963872:ndufb8	0.91223	RS	8	0.9956895	0.0834595	0.028343125
ndufb8	AK	recent	chrV:9963872:ndufb8	0.91223	RS	3	0.980315	0.0680850000000001	0.0649216666666667
ndufb8	BC	established	chrV:9963872:ndufb8	0.758242	SAY	12	0.988189	0.229947	0.142514833333333
ndufb8	BC	recent	chrV:9963872:ndufb8	0.758242	SAY	2	1	0.241758	0.241758
ndufb9	AK	established	chrX:17002290:ndufb9	0.998339	RS	8	1	0.00166100000000002	0.00166100000000002
ndufb9	AK	recent	chrX:17002290:ndufb9	0.998339	RS	3	1	0.00166100000000002	0.00166100000000002
ndufb9	BC	established	chrX:17002290:ndufb9	0.977528	SAY	12	1	0.022472	0.014484
ndufb9	BC	recent	chrX:17002290:ndufb9	0.977528	SAY	2	0.796942	-0.180586	-0.180586
ndufs1	AK	established	chrXVI:9552382:ndufs1	0.800892	RS	8	0.726507	-0.074385	-0.0191925
ndufs1	AK	recent	chrXVI:9552382:ndufs1	0.800892	RS	3	0.693642	-0.10725	-0.0974783333333334
ndufs1	BC	established	chrXVI:9552382:ndufs1	0.794872	SAY	12	0.535088	-0.259784	-0.280383416666667
ndufs1	BC	recent	chrXVI:9552382:ndufs1	0.794872	SAY	2	0.995098	0.200226	0.200226
ndufs2	AK	established	chrVII:9857476:ndufs2	0.074236	RS	8	1	0.925764	0.870192125
ndufs2	AK	recent	chrVII:9857476:ndufs2	0.074236	RS	3	0.465116	0.39088	0.546205666666667
ndufs2	BC	established	chrVII:9857476:ndufs2	0.181818	SAY	12	1	0.818182	0.78141575
ndufs2	BC	recent	chrVII:9857476:ndufs2	0.181818	SAY	2	0.820155	0.638337	0.638337
ndufs3	AK	established	chrII:22432471:ndufs3	0.943101	RS	8	1	0.056899	0.00795775000000003
ndufs3	AK	recent	chrII:22432471:ndufs3	0.943101	RS	3	0.978193	0.035092	0.0340376666666667
ndufs3	BC	established	chrII:22432471:ndufs3	0.920792	SAY	12	0.974672	0.0538799999999999	-0.00618275000000006
ndufs3	BC	recent	chrII:22432471:ndufs3	0.920792	SAY	2	1	0.079208	0.079208
ndufs4	AK	established	chrXIII:1938010:ndufs4	0.925676	RS	8	1	0.0743239999999999	0.0729503749999999
ndufs4	AK	recent	chrXIII:1938010:ndufs4	0.925676	RS	3	0.86758	-0.058096	-0.0418016666666667
ndufs4	BC	established	chrXIII:1938010:ndufs4	0.956044	SAY	12	1	0.043956	0.039891
ndufs4	BC	recent	chrXIII:1938010:ndufs4	0.956044	SAY	2	1	0.043956	0.043956
ndufs5	AK	established	chrX:3497484:ndufs5	0.915929	RS	8	0.9590805	0.0431515	0.013049625
ndufs5	AK	recent	chrX:3497484:ndufs5	0.915929	RS	3	0.903226	-0.012703	-0.0212526666666667
ndufs5	BC	established	chrX:3497484:ndufs5	0.72043	SAY	12	0.958041	0.237611	0.130737083333333
ndufs5	BC	recent	chrX:3497484:ndufs5	0.72043	SAY	2	1	0.27957	0.27957
ndufs6	AK	established	chrX:15803698:ndufs6	0.906452	RS	8	1	0.093548	0.00257812499999996
ndufs6	AK	recent	chrX:15803698:ndufs6	0.906452	RS	3	0.956835	0.050383	-0.0171216666666667
ndufs6	BC	established	chrX:15803698:ndufs6	0.942857	SAY	12	1	0.0571430000000001	0.0198507500000001
ndufs6	BC	recent	chrX:15803698:ndufs6	0.942857	SAY	2	0.4791745	-0.4636825	-0.4636825
ndufs7	AK	established	chrVIII:10731817:ndufs7	0.998534	RS	8	0.646934	-0.3516	-0.36752425
ndufs7	AK	recent	chrVIII:10731817:ndufs7	0.998534	RS	3	0.780645	-0.217889	-0.292263
ndufs7	BC	established	chrVIII:10731817:ndufs7	0.967033	SAY	12	0.2780435	-0.6889895	-0.541118833333333
ndufs7	BC	recent	chrVIII:10731817:ndufs7	0.967033	SAY	2	1	0.032967	0.032967
ndufs8	AK	established	chrIV:9195996:ndufs8	1	RS	8	0.2541685	-0.7458315	-0.7377185
ndufs8	AK	recent	chrIV:9195996:ndufs8	1	RS	3	0.717532	-0.282468	-0.340123666666667
ndufs8	BC	established	chrIV:9195996:ndufs8	0.904762	SAY	12	0.333698	-0.571064	-0.497013
ndufs8	BC	recent	chrIV:9195996:ndufs8	0.904762	SAY	2	0.993421	0.088659	0.088659
ndufv1	AK	established	chrX:8730631:ndufv1	0.796296	RS	8	1	0.203704	0.126561875
ndufv1	AK	recent	chrX:8730631:ndufv1	0.796296	RS	3	0.930769	0.134473	0.152849333333333
ndufv1	BC	established	chrX:8730631:ndufv1	0.906542	SAY	12	1	0.093458	0.093458
ndufv1	BC	recent	chrX:8730631:ndufv1	0.906542	SAY	2	1	0.093458	0.093458
ndufv2	AK	established	chrIII:11133395:ndufv2	0.998563	RS	8	1	0.00143700000000002	0.00143700000000002
ndufv2	AK	recent	chrIII:11133395:ndufv2	0.998563	RS	3	1	0.00143700000000002	0.000279666666666678
ndufv2	BC	established	chrIII:11133395:ndufv2	0.990654	SAY	12	1	0.00934599999999996	0.00934599999999996
ndufv2	BC	recent	chrIII:11133395:ndufv2	0.990654	SAY	2	1	0.00934599999999996	0.00934599999999996
sdha	AK	established	chrXX:14457421:sdha	0.02682	RS	8	0.853295	0.826475	0.579517625
sdha	AK	recent	chrXX:14457421:sdha	0.02682	RS	3	0.432258	0.405438	0.276800333333333
sdha	BC	established	chrXX:14457421:sdha	0.162791	SAY	12	0.840254	0.677463	0.455908083333333
sdha	BC	recent	chrXX:14457421:sdha	0.162791	SAY	2	0	-0.162791	-0.162791
sdhc	AK	established	chrIII:15391182:sdhc	0.437186	RS	8	0.5235785	0.0863925	0.083270625
sdhc	AK	recent	chrIII:15391182:sdhc	0.437186	RS	3	0.562874	0.125688	0.111584666666667
sdhc	BC	established	chrIII:15391182:sdhc	0.424658	SAY	12	0.506172	0.081514	0.14673275
sdhc	BC	recent	chrIII:15391182:sdhc	0.424658	SAY	2	0.14232	-0.282338	-0.282338
si_dkey-31b16	AK	established	chrXVII:8840627:si_dkey-31b16	0.917665	RS	8	0.9108525	-0.00681249999999994	-0.1209465
si_dkey-31b16	AK	recent	chrXVII:8840627:si_dkey-31b16	0.917665	RS	3	0.942529	0.024864	0.034393
si_dkey-31b16	BC	established	chrXVII:8840627:si_dkey-31b16	0.967742	SAY	12	0.9870275	0.0192855	-0.116783416666667
si_dkey-31b16	BC	recent	chrXVII:8840627:si_dkey-31b16	0.967742	SAY	2	1	0.032258	0.032258
uqcr10	AK	established	chrXIV:6850876:uqcr10	0.98546	RS	8	1	0.01454	0.013423875
uqcr10	AK	recent	chrXIV:6850876:uqcr10	0.98546	RS	3	1	0.01454	0.0133366666666667
uqcr10	BC	established	chrXIV:6850876:uqcr10	1	SAY	12	1	0	0
uqcr10	BC	recent	chrXIV:6850876:uqcr10	1	SAY	2	0.99375	-0.00624999999999998	-0.00624999999999998
uqcrb	AK	established	chrX:10038917:uqcrb	0.99449	RS	8	1	0.00551000000000002	0.00551000000000002
uqcrb	AK	recent	chrX:10038917:uqcrb	0.99449	RS	3	1	0.00551000000000002	0.00551000000000002
uqcrb	BC	established	chrX:10038917:uqcrb	0.976471	SAY	12	1	0.023529	0.023529
uqcrb	BC	recent	chrX:10038917:uqcrb	0.976471	SAY	2	1	0.023529	0.023529
uqcrc1	AK	established	chrXVII:15423477:uqcrc1	0.795888	RS	8	0.911154	0.115266	-0.0400543750000001
uqcrc1	AK	recent	chrXVII:15423477:uqcrc1	0.795888	RS	3	0.855856	0.0599679999999999	0.0544196666666666
uqcrc1	BC	established	chrXVII:15423477:uqcrc1	0.647887	SAY	12	0.9854495	0.3375625	0.29232725
uqcrc1	BC	recent	chrXVII:15423477:uqcrc1	0.647887	SAY	2	0.4355265	-0.2123605	-0.2123605
uqcrc2b	AK	established	chrV:14311851:uqcrc2b	0.568254	RS	8	0.890906	0.322652	0.23884175
uqcrc2b	AK	recent	chrV:14311851:uqcrc2b	0.568254	RS	3	0.793893	0.225639	0.195809666666667
uqcrc2b	BC	established	chrV:14311851:uqcrc2b	0.636364	SAY	12	0.926575	0.290211	0.12933975
uqcrc2b	BC	recent	chrV:14311851:uqcrc2b	0.636364	SAY	2	1	0.363636	0.363636
uqcrfs1	AK	established	chrII:732090:uqcrfs1	0.92449	RS	8	0.994681	0.070191	0.03391675
uqcrfs1	AK	recent	chrII:732090:uqcrfs1	0.92449	RS	3	0.952381	0.027891	0.043508
uqcrfs1	BC	established	chrII:732090:uqcrfs1	0.964286	SAY	12	1	0.035714	-0.0631435833333333
uqcrfs1	BC	recent	chrII:732090:uqcrfs1	0.964286	SAY	2	1	0.035714	0.035714
uqcrh	AK	established	chrVIII:16378273:uqcrh	0.860825	RS	8	0.841499	-0.019326	-0.087782375
uqcrh	AK	recent	chrVIII:16378273:uqcrh	0.860825	RS	3	0.919614	0.0587890000000001	0.062115
uqcrh	BC	established	chrVIII:16378273:uqcrh	0.9375	SAY	12	0.9707035	0.0332035	-0.123997333333333
uqcrh	BC	recent	chrVIII:16378273:uqcrh	0.9375	SAY	2	1	0.0625	0.0625
uqcrq	AK	established	chrIV:11831338:uqcrq	0	RS	8	0.66487	0.66487	0.622061375
uqcrq	AK	recent	chrIV:11831338:uqcrq	0	RS	3	0.522222	0.522222	0.471175333333333
uqcrq	BC	established	chrIV:11831338:uqcrq	0.367089	SAY	12	0.9513705	0.5842815	0.391001583333333
uqcrq	BC	recent	chrIV:11831338:uqcrq	0.367089	SAY	2	0	-0.367089	-0.367089
