gene	region	all_population_median_deltaAF	established_n_pop	established_median_deltaAF	direction_stable	all_population_high_effect	established_high_effect	direction_stable_in_both_regions	retained_in_panel_B
atp5f1a	AK	0.088434	8	0.2495385	TRUE	FALSE	FALSE	TRUE	FALSE
atp5f1a	BC	0.18669	12	0.144845	TRUE	FALSE	FALSE	TRUE	FALSE
atp5f1b	AK	0.172678	8	0.168333	TRUE	FALSE	FALSE	TRUE	FALSE
atp5f1b	BC	0.4120455	12	0.3822585	TRUE	FALSE	FALSE	TRUE	FALSE
atp5f1c	AK	0.018852	8	0.0315974999999999	TRUE	FALSE	FALSE	TRUE	FALSE
atp5f1c	BC	0.106422	12	0.1894565	TRUE	FALSE	FALSE	TRUE	FALSE
atp5f1d	AK	0.053162	8	0.077283	TRUE	FALSE	FALSE	TRUE	FALSE
atp5f1d	BC	0.19689	12	0.19689	TRUE	FALSE	FALSE	TRUE	FALSE
atp5if1b	AK	0.037951	8	0.037951	TRUE	FALSE	FALSE	FALSE	FALSE
atp5if1b	BC	0.07777	12	-0.1490635	FALSE	FALSE	FALSE	FALSE	FALSE
atp5l	AK	0.00520799999999999	8	0.00520799999999999	TRUE	FALSE	FALSE	TRUE	FALSE
atp5l	BC	0.01	12	0.01	TRUE	FALSE	FALSE	TRUE	FALSE
atp5mc1	AK	0.011673	8	0.011673	TRUE	FALSE	FALSE	TRUE	FALSE
atp5mc1	BC	0.073171	12	0.073171	TRUE	FALSE	FALSE	TRUE	FALSE
atp5mf	AK	0.054012	8	0.054012	TRUE	FALSE	FALSE	TRUE	FALSE
atp5mf	BC	0.130841	12	0.130841	TRUE	FALSE	FALSE	TRUE	FALSE
atp5pb	AK	0.073846	8	0.073846	TRUE	FALSE	FALSE	TRUE	FALSE
atp5pb	BC	0.231481	12	0.231481	TRUE	FALSE	FALSE	TRUE	FALSE
atp5pd	AK	0.061538	8	0.061538	TRUE	FALSE	FALSE	TRUE	FALSE
atp5pd	BC	0.285714	12	0.285714	TRUE	FALSE	FALSE	TRUE	FALSE
atp5pf	AK	0.014903	8	0.000549000000000022	TRUE	FALSE	FALSE	TRUE	FALSE
atp5pf	BC	0.1247455	12	0.0171825	TRUE	FALSE	FALSE	TRUE	FALSE
atp5po	AK	0.560402	8	0.566043	TRUE	TRUE	TRUE	FALSE	FALSE
atp5po	BC	0.173628	12	-0.013932	FALSE	TRUE	TRUE	FALSE	FALSE
cox4i1	AK	0.9375	8	0.994186	TRUE	TRUE	TRUE	TRUE	TRUE
cox4i1	BC	0.754345	12	0.7899005	TRUE	TRUE	TRUE	TRUE	TRUE
cox4i2	AK	0.00309599999999999	8	0.00309599999999999	TRUE	FALSE	FALSE	TRUE	FALSE
cox4i2	BC	0.013514	12	0.013514	TRUE	FALSE	FALSE	TRUE	FALSE
cox5a	AK	0.060929	8	-0.056176	FALSE	FALSE	FALSE	FALSE	FALSE
cox5a	BC	0.1638675	12	0.1296145	TRUE	FALSE	FALSE	FALSE	FALSE
cox5b	AK	0	8	0	TRUE	FALSE	FALSE	TRUE	FALSE
cox5b	BC	0.016667	12	0.016667	TRUE	FALSE	FALSE	TRUE	FALSE
cox6a1	AK	0.00330600000000003	8	0.00330600000000003	TRUE	FALSE	FALSE	TRUE	FALSE
cox6a1	BC	0.019048	12	0.019048	TRUE	FALSE	FALSE	TRUE	FALSE
cox6b1	AK	0.0408540000000001	8	0.0181930000000001	TRUE	FALSE	FALSE	TRUE	FALSE
cox6b1	BC	0.1202565	12	0.2669825	TRUE	FALSE	FALSE	TRUE	FALSE
cox6c	AK	0.183588	8	0.2401245	TRUE	FALSE	FALSE	TRUE	FALSE
cox6c	BC	0.257335	12	0.2381045	TRUE	FALSE	FALSE	TRUE	FALSE
cox7a1	AK	0.0625880000000001	8	0.111444	TRUE	FALSE	FALSE	TRUE	FALSE
cox7a1	BC	0.3575395	12	0.3575395	TRUE	FALSE	FALSE	TRUE	FALSE
cox7a2	AK	0	8	0	TRUE	FALSE	FALSE	TRUE	FALSE
cox7a2	BC	0.010417	12	0.010417	TRUE	FALSE	FALSE	TRUE	FALSE
cox7a2l	AK	0.03452	8	0.085765	TRUE	FALSE	FALSE	TRUE	FALSE
cox7a2l	BC	0.128205	12	0.128205	TRUE	FALSE	FALSE	TRUE	FALSE
cox7c	AK	0.00865800000000006	8	0.00865800000000006	TRUE	FALSE	FALSE	TRUE	FALSE
cox7c	BC	0.00826400000000005	12	0.00826400000000005	TRUE	FALSE	FALSE	TRUE	FALSE
cyc1	AK	0.035069	8	0.042062	TRUE	FALSE	FALSE	TRUE	FALSE
cyc1	BC	0.05	12	0.05	TRUE	FALSE	FALSE	TRUE	FALSE
dmac2l	AK	0.114082	8	0.1180985	TRUE	FALSE	FALSE	TRUE	FALSE
dmac2l	BC	0.235849	12	0.235849	TRUE	FALSE	FALSE	TRUE	FALSE
ensgacg00000004591	AK	-0.02027	8	-0.084911	TRUE	FALSE	FALSE	TRUE	FALSE
ensgacg00000004591	BC	-0.206544	12	-0.2035825	TRUE	FALSE	FALSE	TRUE	FALSE
ensgacg00000011687	AK	0.00891299999999995	8	0.00891299999999995	TRUE	FALSE	FALSE	TRUE	FALSE
ensgacg00000011687	BC	0.012346	12	0.012346	TRUE	FALSE	FALSE	TRUE	FALSE
ensgacg00000013583	AK	0.129111	8	0.1434065	TRUE	FALSE	FALSE	TRUE	FALSE
ensgacg00000013583	BC	0.212121	12	0.212121	TRUE	FALSE	FALSE	TRUE	FALSE
hccsb	AK	-0.0892580000000001	8	-0.1625815	TRUE	TRUE	TRUE	TRUE	TRUE
hccsb	BC	-0.892087	12	-0.8928805	TRUE	TRUE	TRUE	TRUE	TRUE
ndufa1	AK	0.032727	8	0.032727	TRUE	FALSE	FALSE	TRUE	FALSE
ndufa1	BC	0.045045	12	0.045045	TRUE	FALSE	FALSE	TRUE	FALSE
ndufa10	AK	0.086904	8	0.140252	TRUE	FALSE	FALSE	TRUE	FALSE
ndufa10	BC	0.191568	12	0.191568	TRUE	FALSE	FALSE	TRUE	FALSE
ndufa11	AK	0.100127	8	0.1545455	TRUE	FALSE	FALSE	TRUE	FALSE
ndufa11	BC	0.229885	12	0.229885	TRUE	FALSE	FALSE	TRUE	FALSE
ndufa12	AK	0.0676089999999999	8	0.111522	TRUE	FALSE	FALSE	TRUE	FALSE
ndufa12	BC	0.223408	12	0.2030415	TRUE	FALSE	FALSE	TRUE	FALSE
ndufa13	AK	0.037994	8	0.037994	TRUE	FALSE	FALSE	TRUE	FALSE
ndufa13	BC	0	12	0	TRUE	FALSE	FALSE	TRUE	FALSE
ndufa2	AK	0.00172099999999997	8	0.00172099999999997	TRUE	FALSE	FALSE	TRUE	FALSE
ndufa2	BC	0.0202020000000001	12	0.0202020000000001	TRUE	FALSE	FALSE	TRUE	FALSE
ndufa4	AK	0.84049	8	0.8654075	TRUE	TRUE	TRUE	TRUE	TRUE
ndufa4	BC	0.682027	12	0.7687405	TRUE	TRUE	TRUE	TRUE	TRUE
ndufa5	AK	0	8	0	TRUE	FALSE	FALSE	TRUE	FALSE
ndufa5	BC	0.012987	12	0.012987	TRUE	FALSE	FALSE	TRUE	FALSE
ndufa6	AK	0.0428579999999999	8	-0.0192180000000001	FALSE	FALSE	FALSE	FALSE	FALSE
ndufa6	BC	0.014085	12	0.014085	TRUE	FALSE	FALSE	FALSE	FALSE
ndufa7	AK	0.118827	8	0.118827	TRUE	FALSE	FALSE	TRUE	FALSE
ndufa7	BC	0.049383	12	0.049383	TRUE	FALSE	FALSE	TRUE	FALSE
ndufa8	AK	0.212179	8	0.2075295	TRUE	FALSE	FALSE	TRUE	FALSE
ndufa8	BC	0.127125	12	0.0608599999999999	TRUE	FALSE	FALSE	TRUE	FALSE
ndufa9a	AK	0.00196499999999999	8	0.00196499999999999	TRUE	FALSE	FALSE	TRUE	FALSE
ndufa9a	BC	0.016129	12	0.016129	TRUE	FALSE	FALSE	TRUE	FALSE
ndufab1b	AK	0.093287	8	0.1568835	TRUE	FALSE	FALSE	TRUE	FALSE
ndufab1b	BC	0.184394	12	0.1144865	TRUE	FALSE	FALSE	TRUE	FALSE
ndufb1	AK	0.018718	8	0.0310665	TRUE	FALSE	FALSE	TRUE	FALSE
ndufb1	BC	0.071429	12	0.071429	TRUE	FALSE	FALSE	TRUE	FALSE
ndufb10	AK	0.0215379999999999	8	0.0215379999999999	TRUE	FALSE	FALSE	TRUE	FALSE
ndufb10	BC	0.062535	12	0.0579055	TRUE	FALSE	FALSE	TRUE	FALSE
ndufb2	AK	0.09253	8	0.0968525	TRUE	FALSE	FALSE	TRUE	FALSE
ndufb2	BC	0.020833	12	0.020833	TRUE	FALSE	FALSE	TRUE	FALSE
ndufb3	AK	0.0515760000000001	8	0.059181	TRUE	FALSE	FALSE	TRUE	FALSE
ndufb3	BC	0.150943	12	0.150943	TRUE	FALSE	FALSE	TRUE	FALSE
ndufb4	AK	0.982456	8	0.9893045	TRUE	TRUE	TRUE	TRUE	TRUE
ndufb4	BC	0.5	12	0.5	TRUE	TRUE	TRUE	TRUE	TRUE
ndufb5	AK	0.076028	8	0.0775475	TRUE	FALSE	FALSE	TRUE	FALSE
ndufb5	BC	0.3431115	12	0.3115615	TRUE	FALSE	FALSE	TRUE	FALSE
ndufb6	AK	0.00310999999999995	8	0.00310999999999995	TRUE	FALSE	FALSE	TRUE	FALSE
ndufb6	BC	0.034884	12	0.034884	TRUE	FALSE	FALSE	TRUE	FALSE
ndufb7	AK	-0.11793	8	-0.0614865000000001	TRUE	FALSE	TRUE	TRUE	FALSE
ndufb7	BC	-0.4514515	12	-0.5043615	TRUE	FALSE	TRUE	TRUE	FALSE
ndufb8	AK	0.079149	8	0.0834595	TRUE	FALSE	FALSE	TRUE	FALSE
ndufb8	BC	0.241758	12	0.229947	TRUE	FALSE	FALSE	TRUE	FALSE
ndufb9	AK	0.00166100000000002	8	0.00166100000000002	TRUE	FALSE	FALSE	TRUE	FALSE
ndufb9	BC	0.022472	12	0.022472	TRUE	FALSE	FALSE	TRUE	FALSE
ndufs1	AK	-0.09613	8	-0.074385	TRUE	FALSE	FALSE	TRUE	FALSE
ndufs1	BC	-0.128205	12	-0.259784	TRUE	FALSE	FALSE	TRUE	FALSE
ndufs2	AK	0.916673	8	0.925764	TRUE	TRUE	TRUE	TRUE	TRUE
ndufs2	BC	0.818182	12	0.818182	TRUE	TRUE	TRUE	TRUE	TRUE
ndufs3	AK	0.036209	8	0.056899	TRUE	FALSE	FALSE	TRUE	FALSE
ndufs3	BC	0.0673029999999999	12	0.0538799999999999	TRUE	FALSE	FALSE	TRUE	FALSE
ndufs4	AK	0.0743239999999999	8	0.0743239999999999	TRUE	FALSE	FALSE	TRUE	FALSE
ndufs4	BC	0.043956	12	0.043956	TRUE	FALSE	FALSE	TRUE	FALSE
ndufs5	AK	0.028899	8	0.0431515	TRUE	FALSE	FALSE	TRUE	FALSE
ndufs5	BC	0.2470125	12	0.237611	TRUE	FALSE	FALSE	TRUE	FALSE
ndufs6	AK	0.063697	8	0.093548	TRUE	FALSE	FALSE	TRUE	FALSE
ndufs6	BC	0.0571430000000001	12	0.0571430000000001	TRUE	FALSE	FALSE	TRUE	FALSE
ndufs7	AK	-0.338812	8	-0.3516	TRUE	TRUE	TRUE	TRUE	TRUE
ndufs7	BC	-0.5543345	12	-0.6889895	TRUE	TRUE	TRUE	TRUE	TRUE
ndufs8	AK	-0.735849	8	-0.7458315	TRUE	TRUE	TRUE	TRUE	TRUE
ndufs8	BC	-0.432114	12	-0.571064	TRUE	TRUE	TRUE	TRUE	TRUE
ndufv1	AK	0.203704	8	0.203704	TRUE	FALSE	FALSE	TRUE	FALSE
ndufv1	BC	0.093458	12	0.093458	TRUE	FALSE	FALSE	TRUE	FALSE
ndufv2	AK	0.00143700000000002	8	0.00143700000000002	TRUE	FALSE	FALSE	TRUE	FALSE
ndufv2	BC	0.00934599999999996	12	0.00934599999999996	TRUE	FALSE	FALSE	TRUE	FALSE
sdha	AK	0.442692	8	0.826475	TRUE	TRUE	TRUE	TRUE	TRUE
sdha	BC	0.609606	12	0.677463	TRUE	TRUE	TRUE	TRUE	TRUE
sdhc	AK	0.125688	8	0.0863925	TRUE	FALSE	FALSE	TRUE	FALSE
sdhc	BC	0.0597970000000001	12	0.081514	TRUE	FALSE	FALSE	TRUE	FALSE
si_dkey-31b16	AK	0.024864	8	-0.00681249999999994	FALSE	FALSE	FALSE	FALSE	FALSE
si_dkey-31b16	BC	0.0288095	12	0.0192855	TRUE	FALSE	FALSE	FALSE	FALSE
uqcr10	AK	0.01454	8	0.01454	TRUE	FALSE	FALSE	TRUE	FALSE
uqcr10	BC	0	12	0	TRUE	FALSE	FALSE	TRUE	FALSE
uqcrb	AK	0.00551000000000002	8	0.00551000000000002	TRUE	FALSE	FALSE	TRUE	FALSE
uqcrb	BC	0.023529	12	0.023529	TRUE	FALSE	FALSE	TRUE	FALSE
uqcrc1	AK	0.084112	8	0.115266	TRUE	FALSE	FALSE	TRUE	FALSE
uqcrc1	BC	0.320922	12	0.3375625	TRUE	FALSE	FALSE	TRUE	FALSE
uqcrc2b	AK	0.292505	8	0.322652	TRUE	FALSE	FALSE	TRUE	FALSE
uqcrc2b	BC	0.3060275	12	0.290211	TRUE	FALSE	FALSE	TRUE	FALSE
uqcrfs1	AK	0.0648719999999999	8	0.070191	TRUE	FALSE	FALSE	TRUE	FALSE
uqcrfs1	BC	0.035714	12	0.035714	TRUE	FALSE	FALSE	TRUE	FALSE
uqcrh	AK	0.043937	8	-0.019326	FALSE	FALSE	FALSE	FALSE	FALSE
uqcrh	BC	0.0434995	12	0.0332035	TRUE	FALSE	FALSE	FALSE	FALSE
uqcrq	AK	0.641667	8	0.66487	TRUE	TRUE	TRUE	TRUE	TRUE
uqcrq	BC	0.54344	12	0.5842815	TRUE	TRUE	TRUE	TRUE	TRUE
