gene	region	n_pop	median_deltaAF	abs_median_deltaAF	mean_deltaAF	directional_concordance	median_freshwater_af	marine_af	marine_pop	focal_allele	shared_snp	chr	pos	shared_score	same_nonzero_direction	selection_class
atp5f1a	AK	11	0.088434	0.088434	0.125109818181818	0.727272727272727	0.80531	0.716876	RS		chrXIV:3623588:atp5f1a	chrXIV	3623588	0.088434	TRUE	concordant_preferred
atp5f1a	BC	14	0.18669	0.18669	0.105420357142857	0.785714285714286	0.844918	0.658228	SAY		chrXIV:3623588:atp5f1a	chrXIV	3623588	0.088434	TRUE	concordant_preferred
atp5f1b	AK	11	0.172678	0.172678	0.191859363636364	0.909090909090909	0.694737	0.522059	RS		chrI:27379942:atp5f1b	chrI	27379942	0.172678	TRUE	concordant_preferred
atp5f1b	BC	14	0.4120455	0.4120455	0.316363857142857	0.714285714285714	0.8795775	0.467532	SAY		chrI:27379942:atp5f1b	chrI	27379942	0.172678	TRUE	concordant_preferred
atp5f1c	AK	11	0.018852	0.018852	0.0194161818181818	0.545454545454545	0.633333	0.614481	RS		chrIV:32979641:atp5f1c	chrIV	32979641	0.018852	TRUE	concordant_preferred
atp5f1c	BC	14	0.106422	0.106422	0.0573147142857143	0.642857142857143	0.525341	0.418919	SAY		chrIV:32979641:atp5f1c	chrIV	32979641	0.018852	TRUE	concordant_preferred
atp5f1d	AK	11	0.053162	0.053162	0.0414880909090909	0.636363636363636	0.514184	0.461022	RS		chrVIII:17884386:atp5f1d	chrVIII	17884386	0.053162	TRUE	concordant_preferred
atp5f1d	BC	14	0.19689	0.19689	0.135385857142857	0.642857142857143	0.77689	0.58	SAY		chrVIII:17884386:atp5f1d	chrVIII	17884386	0.053162	TRUE	concordant_preferred
atp5if1b	AK	11	0.037951	0.037951	0.0345711818181818	1	1	0.962049	RS		chrXV:7384900:atp5if1b	chrXV	7384900	0.037951	TRUE	concordant_preferred
atp5if1b	BC	14	0.07777	0.07777	-0.236198142857143	0.571428571428571	0.96788	0.89011	SAY		chrXV:7384900:atp5if1b	chrXV	7384900	0.037951	TRUE	concordant_preferred
atp5l	AK	11	0.00520799999999999	0.00520799999999999	0.00443754545454544	0.909090909090909	1	0.994792	RS		chrVII:16814726:atp5l	chrVII	16814726	0.00520799999999999	TRUE	concordant_preferred
atp5l	BC	14	0.01	0.01	0.01	1	1	0.99	SAY		chrVII:16814726:atp5l	chrVII	16814726	0.00520799999999999	TRUE	concordant_preferred
atp5mc1	AK	11	0.011673	0.011673	0.00928136363636368	0.909090909090909	1	0.988327	RS		chrXI:2123628:atp5mc1	chrXI	2123628	0.011673	TRUE	concordant_preferred
atp5mc1	BC	14	0.073171	0.073171	0.00121335714285713	0.928571428571429	1	0.926829	SAY		chrXI:2123628:atp5mc1	chrXI	2123628	0.011673	TRUE	concordant_preferred
atp5mf	AK	11	0.054012	0.054012	0.0252734545454545	0.909090909090909	1	0.945988	RS		chrXI:5531702:atp5mf	chrXI	5531702	0.054012	TRUE	concordant_preferred
atp5mf	BC	14	0.130841	0.130841	0.0429128571428571	0.785714285714286	1	0.869159	SAY		chrXI:5531702:atp5mf	chrXI	5531702	0.054012	TRUE	concordant_preferred
atp5pb	AK	11	0.073846	0.073846	0.065657	1	1	0.926154	RS		chrXII:10938493:atp5pb	chrXII	10938493	0.073846	TRUE	concordant_preferred
atp5pb	BC	14	0.231481	0.231481	0.216533	1	1	0.768519	SAY		chrXII:10938493:atp5pb	chrXII	10938493	0.073846	TRUE	concordant_preferred
atp5pd	AK	11	0.061538	0.061538	0.0571253636363636	1	1	0.938462	RS		chrIX:8400934:atp5pd	chrIX	8400934	0.061538	TRUE	concordant_preferred
atp5pd	BC	14	0.285714	0.285714	0.285714	1	1	0.714286	SAY		chrIX:8400934:atp5pd	chrIX	8400934	0.061538	TRUE	concordant_preferred
atp5pf	AK	11	0.014903	0.014903	-0.0157290909090909	0.545454545454545	0.818182	0.803279	RS		chrI:22757026:atp5pf	chrI	22757026	0.014903	TRUE	concordant_preferred
atp5pf	BC	14	0.1247455	0.1247455	0.00541157142857149	0.571428571428571	0.9128815	0.788136	SAY		chrI:22757026:atp5pf	chrI	22757026	0.014903	TRUE	concordant_preferred
atp5po	AK	11	0.560402	0.560402	0.499324636363636	1	0.948718	0.388316	RS		chrIV:11725801:atp5po	chrIV	11725801	0.173628	TRUE	concordant_preferred
atp5po	BC	14	0.173628	0.173628	0.0228352857142857	0.571428571428571	0.782823	0.609195	SAY		chrIV:11725801:atp5po	chrIV	11725801	0.173628	TRUE	concordant_preferred
cox4i1	AK	11	0.9375	0.9375	0.721818454545455	1	0.9375	0	RS		chrII:12508082:cox4i1	chrII	12508082	0.754345	TRUE	concordant_preferred
cox4i1	BC	14	0.754345	0.754345	0.641725928571429	0.857142857142857	0.765709	0.011364	SAY		chrII:12508082:cox4i1	chrII	12508082	0.754345	TRUE	concordant_preferred
cox4i2	AK	11	0.00309599999999999	0.00309599999999999	0.00309599999999999	1	1	0.996904	RS		chrXII:17117200:cox4i2	chrXII	17117200	0.00309599999999999	TRUE	concordant_preferred
cox4i2	BC	14	0.013514	0.013514	0.0130001428571429	1	1	0.986486	SAY		chrXII:17117200:cox4i2	chrXII	17117200	0.00309599999999999	TRUE	concordant_preferred
cox5a	AK	11	0.060929	0.060929	0.00417681818181821	0.545454545454545	0.889262	0.828333	RS		chrII:4893554:cox5a	chrII	4893554	0.060929	TRUE	concordant_preferred
cox5a	BC	14	0.1638675	0.1638675	0.0412785	0.785714285714286	0.9794015	0.815534	SAY		chrII:4893554:cox5a	chrII	4893554	0.060929	TRUE	concordant_preferred
cox5b	AK	11	0	0	0	0	1	1	RS		chrXIV:119443:cox5b	chrXIV	119443	0	FALSE	opposite_or_zero_fallback
cox5b	BC	14	0.016667	0.016667	0.016667	1	1	0.983333	SAY		chrXIV:119443:cox5b	chrXIV	119443	0	FALSE	opposite_or_zero_fallback
cox6a1	AK	11	0.00330600000000003	0.00330600000000003	0.00330600000000003	1	1	0.996694	RS		chrXIII:14693165:cox6a1	chrXIII	14693165	0.00330600000000003	TRUE	concordant_preferred
cox6a1	BC	14	0.019048	0.019048	-0.116995928571429	0.857142857142857	1	0.980952	SAY		chrXIII:14693165:cox6a1	chrXIII	14693165	0.00330600000000003	TRUE	concordant_preferred
cox6b1	AK	11	0.0408540000000001	0.0408540000000001	0.0606875454545455	0.545454545454545	0.684211	0.643357	RS		chrV:13811839:cox6b1	chrV	13811839	0.0408540000000001	TRUE	concordant_preferred
cox6b1	BC	14	0.1202565	0.1202565	0.121571142857143	0.642857142857143	0.6327565	0.5125	SAY		chrV:13811839:cox6b1	chrV	13811839	0.0408540000000001	TRUE	concordant_preferred
cox6c	AK	11	0.183588	0.183588	0.166542454545455	0.818181818181818	0.813084	0.629496	RS		chrXVII:190125:cox6c	chrXVII	190125	0.183588	TRUE	concordant_preferred
cox6c	BC	14	0.257335	0.257335	0.164169785714286	0.857142857142857	0.948511	0.691176	SAY		chrXVII:190125:cox6c	chrXVII	190125	0.183588	TRUE	concordant_preferred
cox7a1	AK	11	0.0625880000000001	0.0625880000000001	0.063359090909091	0.727272727272727	0.879032	0.816444	RS		chrI:878358:cox7a1	chrI	878358	0.0625880000000001	TRUE	concordant_preferred
cox7a1	BC	14	0.3575395	0.3575395	0.194633071428571	0.857142857142857	0.9704425	0.612903	SAY		chrI:878358:cox7a1	chrI	878358	0.0625880000000001	TRUE	concordant_preferred
cox7a2	AK	11	0	0	-0.00175763636363637	0.181818181818182	1	1	RS		chrXVIII:12375741:cox7a2	chrXVIII	12375741	0	FALSE	opposite_or_zero_fallback
cox7a2	BC	14	0.010417	0.010417	0.010417	1	1	0.989583	SAY		chrXVIII:12375741:cox7a2	chrXVIII	12375741	0	FALSE	opposite_or_zero_fallback
cox7a2l	AK	11	0.03452	0.03452	0.0496681818181818	0.818181818181818	0.888889	0.854369	RS		chrV:8976912:cox7a2l	chrV	8976912	0.03452	TRUE	concordant_preferred
cox7a2l	BC	14	0.128205	0.128205	0.0938562142857143	0.928571428571429	1	0.871795	SAY		chrV:8976912:cox7a2l	chrV	8976912	0.03452	TRUE	concordant_preferred
cox7c	AK	11	0.00865800000000006	0.00865800000000006	0.00836281818181824	1	1	0.991342	RS		chrXIII:10233925:cox7c	chrXIII	10233925	0.00826400000000005	TRUE	concordant_preferred
cox7c	BC	14	0.00826400000000005	0.00826400000000005	0.00826400000000005	1	1	0.991736	SAY		chrXIII:10233925:cox7c	chrXIII	10233925	0.00826400000000005	TRUE	concordant_preferred
cyc1	AK	11	0.035069	0.035069	0.0153155454545455	0.727272727272727	0.993007	0.957938	RS		chrXVII:1524864:cyc1	chrXVII	1524864	0.035069	TRUE	concordant_preferred
cyc1	BC	14	0.05	0.05	0.0278802857142858	0.857142857142857	1	0.95	SAY		chrXVII:1524864:cyc1	chrXVII	1524864	0.035069	TRUE	concordant_preferred
dmac2l	AK	11	0.114082	0.114082	0.0860712727272727	0.818181818181818	0.945455	0.831373	RS		chrXV:11989905:dmac2l	chrXV	11989905	0.114082	TRUE	concordant_preferred
dmac2l	BC	14	0.235849	0.235849	0.167061357142857	0.928571428571429	1	0.764151	SAY		chrXV:11989905:dmac2l	chrXV	11989905	0.114082	TRUE	concordant_preferred
ensgacg00000004591	AK	11	-0.02027	0.02027	-0.0412593636363637	0.727272727272727	0.583082	0.603352	RS		chrXVI:9921589:ensgacg00000004591	chrXVI	9921589	0.02027	TRUE	concordant_preferred
ensgacg00000004591	BC	14	-0.206544	0.206544	-0.237054571428571	0.714285714285714	0.619144	0.825688	SAY		chrXVI:9921589:ensgacg00000004591	chrXVI	9921589	0.02027	TRUE	concordant_preferred
ensgacg00000011687	AK	11	0.00891299999999995	0.00891299999999995	0.00706718181818176	0.818181818181818	1	0.991087	RS		chrVI:17227162:ensgacg00000011687	chrVI	17227162	0.00891299999999995	TRUE	concordant_preferred
ensgacg00000011687	BC	14	0.012346	0.012346	0.012346	1	1	0.987654	SAY		chrVI:17227162:ensgacg00000011687	chrVI	17227162	0.00891299999999995	TRUE	concordant_preferred
ensgacg00000013583	AK	11	0.129111	0.129111	0.0640290909090909	0.727272727272727	0.923706	0.794595	RS		chrXI:14075465:ensgacg00000013583	chrXI	14075465	0.129111	TRUE	concordant_preferred
ensgacg00000013583	BC	14	0.212121	0.212121	0.183325071428571	0.928571428571429	1	0.787879	SAY		chrXI:14075465:ensgacg00000013583	chrXI	14075465	0.129111	TRUE	concordant_preferred
hccsb	AK	11	-0.0892580000000001	0.0892580000000001	-0.144077909090909	0.818181818181818	0.897106	0.986364	RS		chrXXI:3392957:hccsb	chrXXI	3392957	0.0892580000000001	TRUE	concordant_preferred
hccsb	BC	14	-0.892087	0.892087	-0.640915357142857	0.785714285714286	0.009148	0.901235	SAY		chrXXI:3392957:hccsb	chrXXI	3392957	0.0892580000000001	TRUE	concordant_preferred
ndufa1	AK	11	0.032727	0.032727	0.00091072727272723	0.636363636363636	1	0.967273	RS		chrIV:6650535:ndufa1	chrIV	6650535	0.032727	TRUE	concordant_preferred
ndufa1	BC	14	0.045045	0.045045	0.045045	1	1	0.954955	SAY		chrIV:6650535:ndufa1	chrIV	6650535	0.032727	TRUE	concordant_preferred
ndufa10	AK	11	0.086904	0.086904	0.058248	0.545454545454545	0.835052	0.748148	RS		chrXVI:17577992:ndufa10	chrXVI	17577992	0.086904	TRUE	concordant_preferred
ndufa10	BC	14	0.191568	0.191568	0.0287452142857143	0.785714285714286	0.976378	0.78481	SAY		chrXVI:17577992:ndufa10	chrXVI	17577992	0.086904	TRUE	concordant_preferred
ndufa11	AK	11	0.100127	0.100127	0.0577678181818182	0.727272727272727	0.834711	0.734584	RS		chrVIII:958706:ndufa11	chrVIII	958706	0.100127	TRUE	concordant_preferred
ndufa11	BC	14	0.229885	0.229885	0.0752537142857143	0.857142857142857	1	0.770115	SAY		chrVIII:958706:ndufa11	chrVIII	958706	0.100127	TRUE	concordant_preferred
ndufa12	AK	11	0.0676089999999999	0.0676089999999999	0.0333683636363636	0.545454545454545	0.897527	0.829918	RS		chrIII:13902558:ndufa12	chrIII	13902558	0.0676089999999999	TRUE	concordant_preferred
ndufa12	BC	14	0.223408	0.223408	0.0518715714285714	0.714285714285714	0.975883	0.752475	SAY		chrIII:13902558:ndufa12	chrIII	13902558	0.0676089999999999	TRUE	concordant_preferred
ndufa13	AK	11	0.037994	0.037994	0.000482181818181786	0.818181818181818	1	0.962006	RS		chrIII:7198835:ndufa13	chrIII	7198835	0	FALSE	opposite_or_zero_fallback
ndufa13	BC	14	0	0	-0.0339988571428571	0.214285714285714	1	1	SAY		chrIII:7198835:ndufa13	chrIII	7198835	0	FALSE	opposite_or_zero_fallback
ndufa2	AK	11	0.00172099999999997	0.00172099999999997	0.00172099999999997	1	1	0.998279	RS		chrVII:30636567:ndufa2	chrVII	30636567	0.00172099999999997	TRUE	concordant_preferred
ndufa2	BC	14	0.0202020000000001	0.0202020000000001	0.0202020000000001	1	1	0.979798	SAY		chrVII:30636567:ndufa2	chrVII	30636567	0.00172099999999997	TRUE	concordant_preferred
ndufa4	AK	11	0.84049	0.84049	0.772442181818182	1	0.861702	0.021212	RS		chrXI:8086890:ndufa4	chrXI	8086890	0.682027	TRUE	concordant_preferred
ndufa4	BC	14	0.682027	0.682027	0.597570714285714	0.928571428571429	0.702435	0.020408	SAY		chrXI:8086890:ndufa4	chrXI	8086890	0.682027	TRUE	concordant_preferred
ndufa5	AK	11	0	0	0	0	1	1	RS		chrIV:22974639:ndufa5	chrIV	22974639	0	FALSE	opposite_or_zero_fallback
ndufa5	BC	14	0.012987	0.012987	0.012987	1	1	0.987013	SAY		chrIV:22974639:ndufa5	chrIV	22974639	0	FALSE	opposite_or_zero_fallback
ndufa6	AK	11	0.0428579999999999	0.0428579999999999	-0.041936	0.636363636363636	0.977876	0.935018	RS		chrXI:4830134:ndufa6	chrXI	4830134	0.014085	TRUE	concordant_preferred
ndufa6	BC	14	0.014085	0.014085	-0.026499	0.928571428571429	1	0.985915	SAY		chrXI:4830134:ndufa6	chrXI	4830134	0.014085	TRUE	concordant_preferred
ndufa7	AK	11	0.118827	0.118827	0.0850523636363637	0.909090909090909	1	0.881173	RS		chrVIII:10962957:ndufa7	chrVIII	10962957	0.049383	TRUE	concordant_preferred
ndufa7	BC	14	0.049383	0.049383	0.0374782142857142	0.928571428571429	1	0.950617	SAY		chrVIII:10962957:ndufa7	chrVIII	10962957	0.049383	TRUE	concordant_preferred
ndufa8	AK	11	0.212179	0.212179	0.133069636363636	0.727272727272727	0.759124	0.546945	RS		chrXIV:7767580:ndufa8	chrXIV	7767580	0.127125	TRUE	concordant_preferred
ndufa8	BC	14	0.127125	0.127125	-0.00405771428571434	0.642857142857143	0.97561	0.848485	SAY		chrXIV:7767580:ndufa8	chrXIV	7767580	0.127125	TRUE	concordant_preferred
ndufa9a	AK	11	0.00196499999999999	0.00196499999999999	0.000784363636363634	0.909090909090909	1	0.998035	RS		chrXIX:5582408:ndufa9a	chrXIX	5582408	0.00196499999999999	TRUE	concordant_preferred
ndufa9a	BC	14	0.016129	0.016129	0.016129	1	1	0.983871	SAY		chrXIX:5582408:ndufa9a	chrXIX	5582408	0.00196499999999999	TRUE	concordant_preferred
ndufab1b	AK	11	0.093287	0.093287	0.054662090909091	0.636363636363636	0.686275	0.592988	RS		chrXI:15552841:ndufab1b	chrXI	15552841	0.093287	TRUE	concordant_preferred
ndufab1b	BC	14	0.184394	0.184394	0.0470672142857143	0.642857142857143	0.781955	0.597561	SAY		chrXI:15552841:ndufab1b	chrXI	15552841	0.093287	TRUE	concordant_preferred
ndufb1	AK	11	0.018718	0.018718	0.0140085454545455	0.727272727272727	0.967033	0.948315	RS		chrXVIII:7633850:ndufb1	chrXVIII	7633850	0.018718	TRUE	concordant_preferred
ndufb1	BC	14	0.071429	0.071429	0.0281345	0.857142857142857	1	0.928571	SAY		chrXVIII:7633850:ndufb1	chrXVIII	7633850	0.018718	TRUE	concordant_preferred
ndufb10	AK	11	0.0215379999999999	0.0215379999999999	0.0167812727272727	0.909090909090909	1	0.978462	RS		chrXI:11680028:ndufb10	chrXI	11680028	0.0215379999999999	TRUE	concordant_preferred
ndufb10	BC	14	0.062535	0.062535	-0.0164990714285714	0.785714285714286	0.995868	0.933333	SAY		chrXI:11680028:ndufb10	chrXI	11680028	0.0215379999999999	TRUE	concordant_preferred
ndufb2	AK	11	0.09253	0.09253	0.0878486363636364	1	0.992366	0.899836	RS		chrIV:31927965:ndufb2	chrIV	31927965	0.020833	TRUE	concordant_preferred
ndufb2	BC	14	0.020833	0.020833	-0.00492407142857145	0.857142857142857	1	0.979167	SAY		chrIV:31927965:ndufb2	chrIV	31927965	0.020833	TRUE	concordant_preferred
ndufb3	AK	11	0.0515760000000001	0.0515760000000001	0.0226760909090909	0.727272727272727	0.992395	0.940819	RS		chrIII:61895:ndufb3	chrIII	61895	0.0515760000000001	TRUE	concordant_preferred
ndufb3	BC	14	0.150943	0.150943	0.104912285714286	0.857142857142857	1	0.849057	SAY		chrIII:61895:ndufb3	chrIII	61895	0.0515760000000001	TRUE	concordant_preferred
ndufb4	AK	11	0.982456	0.982456	0.898877363636364	1	0.982456	0	RS		chrXXI:10019512:ndufb4	chrXXI	10019512	0.5	TRUE	concordant_preferred
ndufb4	BC	14	0.5	0.5	0.3586985	0.928571428571429	1	0.5	SAY		chrXXI:10019512:ndufb4	chrXXI	10019512	0.5	TRUE	concordant_preferred
ndufb5	AK	11	0.076028	0.076028	0.00681872727272724	0.727272727272727	0.886792	0.810764	RS		chrVIII:13846658:ndufb5	chrVIII	13846658	0.076028	TRUE	concordant_preferred
ndufb5	BC	14	0.3431115	0.3431115	0.259617071428571	0.928571428571429	0.9844155	0.641304	SAY		chrVIII:13846658:ndufb5	chrVIII	13846658	0.076028	TRUE	concordant_preferred
ndufb6	AK	11	0.00310999999999995	0.00310999999999995	0.00310999999999995	1	1	0.99689	RS		chrIX:13851653:ndufb6	chrIX	13851653	0.00310999999999995	TRUE	concordant_preferred
ndufb6	BC	14	0.034884	0.034884	0.034884	1	1	0.965116	SAY		chrIX:13851653:ndufb6	chrIX	13851653	0.00310999999999995	TRUE	concordant_preferred
ndufb7	AK	11	-0.11793	0.11793	-0.187258545454546	0.909090909090909	0.880597	0.998527	RS		chrIX:7620764:ndufb7	chrIX	7620764	0.11793	TRUE	concordant_preferred
ndufb7	BC	14	-0.4514515	0.4514515	-0.414133357142857	0.857142857142857	0.5392895	0.990741	SAY		chrIX:7620764:ndufb7	chrIX	7620764	0.11793	TRUE	concordant_preferred
ndufb8	AK	11	0.079149	0.079149	0.0383190909090909	0.909090909090909	0.991379	0.91223	RS		chrV:9963872:ndufb8	chrV	9963872	0.079149	TRUE	concordant_preferred
ndufb8	BC	14	0.241758	0.241758	0.156692428571429	0.928571428571429	1	0.758242	SAY		chrV:9963872:ndufb8	chrV	9963872	0.079149	TRUE	concordant_preferred
ndufb9	AK	11	0.00166100000000002	0.00166100000000002	0.00166100000000002	1	1	0.998339	RS		chrX:17002290:ndufb9	chrX	17002290	0.00166100000000002	TRUE	concordant_preferred
ndufb9	BC	14	0.022472	0.022472	-0.0133831428571428	0.785714285714286	1	0.977528	SAY		chrX:17002290:ndufb9	chrX	17002290	0.00166100000000002	TRUE	concordant_preferred
ndufs1	AK	11	-0.09613	0.09613	-0.0405431818181819	0.636363636363636	0.704762	0.800892	RS		chrXVI:9552382:ndufs1	chrXVI	9552382	0.09613	TRUE	concordant_preferred
ndufs1	BC	14	-0.128205	0.128205	-0.211724928571429	0.642857142857143	0.666667	0.794872	SAY		chrXVI:9552382:ndufs1	chrXVI	9552382	0.09613	TRUE	concordant_preferred
ndufs2	AK	11	0.916673	0.916673	0.781832181818182	1	0.990909	0.074236	RS		chrVII:9857476:ndufs2	chrVII	9857476	0.818182	TRUE	concordant_preferred
ndufs2	BC	14	0.818182	0.818182	0.760975928571429	1	1	0.181818	SAY		chrVII:9857476:ndufs2	chrVII	9857476	0.818182	TRUE	concordant_preferred
ndufs3	AK	11	0.036209	0.036209	0.0150704545454546	0.818181818181818	0.97931	0.943101	RS		chrII:22432471:ndufs3	chrII	22432471	0.036209	TRUE	concordant_preferred
ndufs3	BC	14	0.0673029999999999	0.0673029999999999	0.00601592857142851	0.714285714285714	0.988095	0.920792	SAY		chrII:22432471:ndufs3	chrII	22432471	0.036209	TRUE	concordant_preferred
ndufs4	AK	11	0.0743239999999999	0.0743239999999999	0.0416543636363636	0.818181818181818	1	0.925676	RS		chrXIII:1938010:ndufs4	chrXIII	1938010	0.043956	TRUE	concordant_preferred
ndufs4	BC	14	0.043956	0.043956	0.0404717142857143	0.928571428571429	1	0.956044	SAY		chrXIII:1938010:ndufs4	chrXIII	1938010	0.043956	TRUE	concordant_preferred
ndufs5	AK	11	0.028899	0.028899	0.00369445454545455	0.545454545454545	0.944828	0.915929	RS		chrX:3497484:ndufs5	chrX	3497484	0.028899	TRUE	concordant_preferred
ndufs5	BC	14	0.2470125	0.2470125	0.151998928571429	0.857142857142857	0.9674425	0.72043	SAY		chrX:3497484:ndufs5	chrX	3497484	0.028899	TRUE	concordant_preferred
ndufs6	AK	11	0.063697	0.063697	-0.00279454545454549	0.636363636363636	0.970149	0.906452	RS		chrX:15803698:ndufs6	chrX	15803698	0.0571430000000001	TRUE	concordant_preferred
ndufs6	BC	14	0.0571430000000001	0.0571430000000001	-0.0492254285714285	0.785714285714286	1	0.942857	SAY		chrX:15803698:ndufs6	chrX	15803698	0.0571430000000001	TRUE	concordant_preferred
ndufs7	AK	11	-0.338812	0.338812	-0.346998454545455	0.909090909090909	0.659722	0.998534	RS		chrVIII:10731817:ndufs7	chrVIII	10731817	0.338812	TRUE	concordant_preferred
ndufs7	BC	14	-0.5543345	0.5543345	-0.459106571428572	0.642857142857143	0.4126985	0.967033	SAY		chrVIII:10731817:ndufs7	chrVIII	10731817	0.338812	TRUE	concordant_preferred
ndufs8	AK	11	-0.735849	0.735849	-0.629283545454546	0.909090909090909	0.264151	1	RS		chrIV:9195996:ndufs8	chrIV	9195996	0.432114	TRUE	concordant_preferred
ndufs8	BC	14	-0.432114	0.432114	-0.413345571428571	0.785714285714286	0.472648	0.904762	SAY		chrIV:9195996:ndufs8	chrIV	9195996	0.432114	TRUE	concordant_preferred
ndufv1	AK	11	0.203704	0.203704	0.133731181818182	0.909090909090909	1	0.796296	RS		chrX:8730631:ndufv1	chrX	8730631	0.093458	TRUE	concordant_preferred
ndufv1	BC	14	0.093458	0.093458	0.093458	1	1	0.906542	SAY		chrX:8730631:ndufv1	chrX	8730631	0.093458	TRUE	concordant_preferred
ndufv2	AK	11	0.00143700000000002	0.00143700000000002	0.00112136363636366	0.909090909090909	1	0.998563	RS		chrIII:11133395:ndufv2	chrIII	11133395	0.00143700000000002	TRUE	concordant_preferred
ndufv2	BC	14	0.00934599999999996	0.00934599999999996	0.00934599999999996	1	1	0.990654	SAY		chrIII:11133395:ndufv2	chrIII	11133395	0.00143700000000002	TRUE	concordant_preferred
sdha	AK	11	0.442692	0.442692	0.496958363636364	0.909090909090909	0.469512	0.02682	RS		chrXX:14457421:sdha	chrXX	14457421	0.442692	TRUE	concordant_preferred
sdha	BC	14	0.609606	0.609606	0.3675225	0.642857142857143	0.772397	0.162791	SAY		chrXX:14457421:sdha	chrXX	14457421	0.442692	TRUE	concordant_preferred
sdhc	AK	11	0.125688	0.125688	0.0909926363636363	0.727272727272727	0.562874	0.437186	RS		chrIII:15391182:sdhc	chrIII	15391182	0.0597970000000001	TRUE	concordant_preferred
sdhc	BC	14	0.0597970000000001	0.0597970000000001	0.0854369285714286	0.642857142857143	0.484455	0.424658	SAY		chrIII:15391182:sdhc	chrIII	15391182	0.0597970000000001	TRUE	concordant_preferred
si_dkey-31b16	AK	11	0.024864	0.024864	-0.0785811818181818	0.636363636363636	0.942529	0.917665	RS		chrXVII:8840627:si_dkey-31b16	chrXVII	8840627	0.024864	TRUE	concordant_preferred
si_dkey-31b16	BC	14	0.0288095	0.0288095	-0.0954917857142857	0.785714285714286	0.9965515	0.967742	SAY		chrXVII:8840627:si_dkey-31b16	chrXVII	8840627	0.024864	TRUE	concordant_preferred
uqcr10	AK	11	0.01454	0.01454	0.0134000909090909	1	1	0.98546	RS		chrXIV:6850876:uqcr10	chrXIV	6850876	0	FALSE	opposite_or_zero_fallback
uqcr10	BC	14	0	0	-0.00089285714285714	0.0714285714285714	1	1	SAY		chrXIV:6850876:uqcr10	chrXIV	6850876	0	FALSE	opposite_or_zero_fallback
uqcrb	AK	11	0.00551000000000002	0.00551000000000002	0.00551000000000002	1	1	0.99449	RS		chrX:10038917:uqcrb	chrX	10038917	0.00551000000000002	TRUE	concordant_preferred
uqcrb	BC	14	0.023529	0.023529	0.023529	1	1	0.976471	SAY		chrX:10038917:uqcrb	chrX	10038917	0.00551000000000002	TRUE	concordant_preferred
uqcrc1	AK	11	0.084112	0.084112	-0.0142887272727273	0.636363636363636	0.88	0.795888	RS		chrXVII:15423477:uqcrc1	chrXVII	15423477	0.084112	TRUE	concordant_preferred
uqcrc1	BC	14	0.320922	0.320922	0.220229	0.785714285714286	0.968809	0.647887	SAY		chrXVII:15423477:uqcrc1	chrXVII	15423477	0.084112	TRUE	concordant_preferred
uqcrc2b	AK	11	0.292505	0.292505	0.227105727272727	0.909090909090909	0.860759	0.568254	RS		chrV:14311851:uqcrc2b	chrV	14311851	0.292505	TRUE	concordant_preferred
uqcrc2b	BC	14	0.3060275	0.3060275	0.162810642857143	0.785714285714286	0.9423915	0.636364	SAY		chrV:14311851:uqcrc2b	chrV	14311851	0.292505	TRUE	concordant_preferred
uqcrfs1	AK	11	0.0648719999999999	0.0648719999999999	0.0365325454545454	0.818181818181818	0.989362	0.92449	RS		chrII:732090:uqcrfs1	chrII	732090	0.035714	TRUE	concordant_preferred
uqcrfs1	BC	14	0.035714	0.035714	-0.0490210714285714	0.785714285714286	1	0.964286	SAY		chrII:732090:uqcrfs1	chrII	732090	0.035714	TRUE	concordant_preferred
uqcrh	AK	11	0.043937	0.043937	-0.0469012727272727	0.636363636363636	0.904762	0.860825	RS		chrVIII:16378273:uqcrh	chrVIII	16378273	0.0434995	TRUE	concordant_preferred
uqcrh	BC	14	0.0434995	0.0434995	-0.0973548571428571	0.785714285714286	0.9809995	0.9375	SAY		chrVIII:16378273:uqcrh	chrVIII	16378273	0.0434995	TRUE	concordant_preferred
uqcrq	AK	11	0.641667	0.641667	0.580910636363636	0.909090909090909	0.641667	0	RS		chrIV:11831338:uqcrq	chrIV	11831338	0.54344	TRUE	concordant_preferred
uqcrq	BC	14	0.54344	0.54344	0.282702928571429	0.714285714285714	0.910529	0.367089	SAY		chrIV:11831338:uqcrq	chrIV	11831338	0.54344	TRUE	concordant_preferred
