gene	selection_class	shared_score	AK_median_deltaAF	BC_median_deltaAF	same_direction	candidate
atp5f1a	concordant_preferred	0.088434	0.088434	0.18669	TRUE	FALSE
atp5f1b	concordant_preferred	0.172678	0.172678	0.4120455	TRUE	FALSE
atp5f1c	concordant_preferred	0.018852	0.018852	0.106422	TRUE	FALSE
atp5f1d	concordant_preferred	0.053162	0.053162	0.19689	TRUE	FALSE
atp5if1b	concordant_preferred	0.037951	0.037951	0.07777	TRUE	FALSE
atp5l	concordant_preferred	0.00520799999999999	0.00520799999999999	0.01	TRUE	FALSE
atp5mc1	concordant_preferred	0.011673	0.011673	0.073171	TRUE	FALSE
atp5mf	concordant_preferred	0.054012	0.054012	0.130841	TRUE	FALSE
atp5pb	concordant_preferred	0.073846	0.073846	0.231481	TRUE	FALSE
atp5pd	concordant_preferred	0.061538	0.061538	0.285714	TRUE	FALSE
atp5pf	concordant_preferred	0.014903	0.014903	0.1247455	TRUE	FALSE
atp5po	concordant_preferred	0.173628	0.560402	0.173628	TRUE	TRUE
cox4i1	concordant_preferred	0.754345	0.9375	0.754345	TRUE	TRUE
cox4i2	concordant_preferred	0.00309599999999999	0.00309599999999999	0.013514	TRUE	FALSE
cox5a	concordant_preferred	0.060929	0.060929	0.1638675	TRUE	FALSE
cox5b	opposite_or_zero_fallback	0	0	0.016667	FALSE	FALSE
cox6a1	concordant_preferred	0.00330600000000003	0.00330600000000003	0.019048	TRUE	FALSE
cox6b1	concordant_preferred	0.0408540000000001	0.0408540000000001	0.1202565	TRUE	FALSE
cox6c	concordant_preferred	0.183588	0.183588	0.257335	TRUE	FALSE
cox7a1	concordant_preferred	0.0625880000000001	0.0625880000000001	0.3575395	TRUE	FALSE
cox7a2	opposite_or_zero_fallback	0	0	0.010417	FALSE	FALSE
cox7a2l	concordant_preferred	0.03452	0.03452	0.128205	TRUE	FALSE
cox7c	concordant_preferred	0.00826400000000005	0.00865800000000006	0.00826400000000005	TRUE	FALSE
cyc1	concordant_preferred	0.035069	0.035069	0.05	TRUE	FALSE
dmac2l	concordant_preferred	0.114082	0.114082	0.235849	TRUE	FALSE
ensgacg00000004591	concordant_preferred	0.02027	-0.02027	-0.206544	TRUE	FALSE
ensgacg00000011687	concordant_preferred	0.00891299999999995	0.00891299999999995	0.012346	TRUE	FALSE
ensgacg00000013583	concordant_preferred	0.129111	0.129111	0.212121	TRUE	FALSE
hccsb	concordant_preferred	0.0892580000000001	-0.0892580000000001	-0.892087	TRUE	TRUE
ndufa1	concordant_preferred	0.032727	0.032727	0.045045	TRUE	FALSE
ndufa10	concordant_preferred	0.086904	0.086904	0.191568	TRUE	FALSE
ndufa11	concordant_preferred	0.100127	0.100127	0.229885	TRUE	FALSE
ndufa12	concordant_preferred	0.0676089999999999	0.0676089999999999	0.223408	TRUE	FALSE
ndufa13	opposite_or_zero_fallback	0	0.037994	0	FALSE	FALSE
ndufa2	concordant_preferred	0.00172099999999997	0.00172099999999997	0.0202020000000001	TRUE	FALSE
ndufa4	concordant_preferred	0.682027	0.84049	0.682027	TRUE	TRUE
ndufa5	opposite_or_zero_fallback	0	0	0.012987	FALSE	FALSE
ndufa6	concordant_preferred	0.014085	0.0428579999999999	0.014085	TRUE	FALSE
ndufa7	concordant_preferred	0.049383	0.118827	0.049383	TRUE	FALSE
ndufa8	concordant_preferred	0.127125	0.212179	0.127125	TRUE	FALSE
ndufa9a	concordant_preferred	0.00196499999999999	0.00196499999999999	0.016129	TRUE	FALSE
ndufab1b	concordant_preferred	0.093287	0.093287	0.184394	TRUE	FALSE
ndufb1	concordant_preferred	0.018718	0.018718	0.071429	TRUE	FALSE
ndufb10	concordant_preferred	0.0215379999999999	0.0215379999999999	0.062535	TRUE	FALSE
ndufb2	concordant_preferred	0.020833	0.09253	0.020833	TRUE	FALSE
ndufb3	concordant_preferred	0.0515760000000001	0.0515760000000001	0.150943	TRUE	FALSE
ndufb4	concordant_preferred	0.5	0.982456	0.5	TRUE	TRUE
ndufb5	concordant_preferred	0.076028	0.076028	0.3431115	TRUE	FALSE
ndufb6	concordant_preferred	0.00310999999999995	0.00310999999999995	0.034884	TRUE	FALSE
ndufb7	concordant_preferred	0.11793	-0.11793	-0.4514515	TRUE	FALSE
ndufb8	concordant_preferred	0.079149	0.079149	0.241758	TRUE	FALSE
ndufb9	concordant_preferred	0.00166100000000002	0.00166100000000002	0.022472	TRUE	FALSE
ndufs1	concordant_preferred	0.09613	-0.09613	-0.128205	TRUE	FALSE
ndufs2	concordant_preferred	0.818182	0.916673	0.818182	TRUE	TRUE
ndufs3	concordant_preferred	0.036209	0.036209	0.0673029999999999	TRUE	FALSE
ndufs4	concordant_preferred	0.043956	0.0743239999999999	0.043956	TRUE	FALSE
ndufs5	concordant_preferred	0.028899	0.028899	0.2470125	TRUE	FALSE
ndufs6	concordant_preferred	0.0571430000000001	0.063697	0.0571430000000001	TRUE	FALSE
ndufs7	concordant_preferred	0.338812	-0.338812	-0.5543345	TRUE	TRUE
ndufs8	concordant_preferred	0.432114	-0.735849	-0.432114	TRUE	TRUE
ndufv1	concordant_preferred	0.093458	0.203704	0.093458	TRUE	FALSE
ndufv2	concordant_preferred	0.00143700000000002	0.00143700000000002	0.00934599999999996	TRUE	FALSE
sdha	concordant_preferred	0.442692	0.442692	0.609606	TRUE	TRUE
sdhc	concordant_preferred	0.0597970000000001	0.125688	0.0597970000000001	TRUE	FALSE
si_dkey-31b16	concordant_preferred	0.024864	0.024864	0.0288095	TRUE	FALSE
uqcr10	opposite_or_zero_fallback	0	0.01454	0	FALSE	FALSE
uqcrb	concordant_preferred	0.00551000000000002	0.00551000000000002	0.023529	TRUE	FALSE
uqcrc1	concordant_preferred	0.084112	0.084112	0.320922	TRUE	FALSE
uqcrc2b	concordant_preferred	0.292505	0.292505	0.3060275	TRUE	FALSE
uqcrfs1	concordant_preferred	0.035714	0.0648719999999999	0.035714	TRUE	FALSE
uqcrh	concordant_preferred	0.0434995	0.043937	0.0434995	TRUE	FALSE
uqcrq	concordant_preferred	0.54344	0.641667	0.54344	TRUE	TRUE
