gene	region	n_pop	median_deltaAF	abs_median_deltaAF	mean_deltaAF	directional_concordance	median_freshwater_af	marine_af	marine_pop	focal_allele	shared_snp	chr	pos	shared_score	same_nonzero_direction	selection_class	gene_order	gene_center	x_position	delta_label	label_y	label_vjust
atp5po	AK	11	0.560402	0.560402	0.499324636363636	1	0.948718	0.388316	RS		chrIV:11725801:atp5po	chrIV	11725801	0.173628	TRUE	concordant_preferred	7	16	15.6	+0.56	1.035	0
atp5po	BC	14	0.173628	0.173628	0.0228352857142857	0.571428571428571	0.782823	0.609195	SAY		chrIV:11725801:atp5po	chrIV	11725801	0.173628	TRUE	concordant_preferred	7	16	16.4	+0.17	1.035	0
cox4i1	AK	11	0.9375	0.9375	0.721818454545455	1	0.9375	0	RS		chrII:12508082:cox4i1	chrII	12508082	0.754345	TRUE	concordant_preferred	2	3.5	3.1	+0.94	1.035	0
cox4i1	BC	14	0.754345	0.754345	0.641725928571429	0.857142857142857	0.765709	0.011364	SAY		chrII:12508082:cox4i1	chrII	12508082	0.754345	TRUE	concordant_preferred	2	3.5	3.9	+0.75	1.035	0
hccsb	AK	11	-0.0892580000000001	0.0892580000000001	-0.144077909090909	0.818181818181818	0.897106	0.986364	RS		chrXXI:3392957:hccsb	chrXXI	3392957	0.0892580000000001	TRUE	concordant_preferred	10	23.5	23.1	-0.09	-0.035	1
hccsb	BC	14	-0.892087	0.892087	-0.640915357142857	0.785714285714286	0.009148	0.901235	SAY		chrXXI:3392957:hccsb	chrXXI	3392957	0.0892580000000001	TRUE	concordant_preferred	10	23.5	23.9	-0.89	-0.035	1
ndufa4	AK	11	0.84049	0.84049	0.772442181818182	1	0.861702	0.021212	RS		chrXI:8086890:ndufa4	chrXI	8086890	0.682027	TRUE	concordant_preferred	3	6	5.6	+0.84	1.035	0
ndufa4	BC	14	0.682027	0.682027	0.597570714285714	0.928571428571429	0.702435	0.020408	SAY		chrXI:8086890:ndufa4	chrXI	8086890	0.682027	TRUE	concordant_preferred	3	6	6.4	+0.68	1.035	0
ndufb4	AK	11	0.982456	0.982456	0.898877363636364	1	0.982456	0	RS		chrXXI:10019512:ndufb4	chrXXI	10019512	0.5	TRUE	concordant_preferred	5	11	10.6	+0.98	1.035	0
ndufb4	BC	14	0.5	0.5	0.3586985	0.928571428571429	1	0.5	SAY		chrXXI:10019512:ndufb4	chrXXI	10019512	0.5	TRUE	concordant_preferred	5	11	11.4	+0.50	1.035	0
ndufs2	AK	11	0.916673	0.916673	0.781832181818182	1	0.990909	0.074236	RS		chrVII:9857476:ndufs2	chrVII	9857476	0.818182	TRUE	concordant_preferred	1	1	0.6	+0.92	1.035	0
ndufs2	BC	14	0.818182	0.818182	0.760975928571429	1	1	0.181818	SAY		chrVII:9857476:ndufs2	chrVII	9857476	0.818182	TRUE	concordant_preferred	1	1	1.4	+0.82	1.035	0
ndufs7	AK	11	-0.338812	0.338812	-0.346998454545455	0.909090909090909	0.659722	0.998534	RS		chrVIII:10731817:ndufs7	chrVIII	10731817	0.338812	TRUE	concordant_preferred	9	21	20.6	-0.34	-0.035	1
ndufs7	BC	14	-0.5543345	0.5543345	-0.459106571428572	0.642857142857143	0.4126985	0.967033	SAY		chrVIII:10731817:ndufs7	chrVIII	10731817	0.338812	TRUE	concordant_preferred	9	21	21.4	-0.55	-0.035	1
ndufs8	AK	11	-0.735849	0.735849	-0.629283545454546	0.909090909090909	0.264151	1	RS		chrIV:9195996:ndufs8	chrIV	9195996	0.432114	TRUE	concordant_preferred	8	18.5	18.1	-0.74	-0.035	1
ndufs8	BC	14	-0.432114	0.432114	-0.413345571428571	0.785714285714286	0.472648	0.904762	SAY		chrIV:9195996:ndufs8	chrIV	9195996	0.432114	TRUE	concordant_preferred	8	18.5	18.9	-0.43	-0.035	1
sdha	AK	11	0.442692	0.442692	0.496958363636364	0.909090909090909	0.469512	0.02682	RS		chrXX:14457421:sdha	chrXX	14457421	0.442692	TRUE	concordant_preferred	6	13.5	13.1	+0.44	1.035	0
sdha	BC	14	0.609606	0.609606	0.3675225	0.642857142857143	0.772397	0.162791	SAY		chrXX:14457421:sdha	chrXX	14457421	0.442692	TRUE	concordant_preferred	6	13.5	13.9	+0.61	1.035	0
uqcrq	AK	11	0.641667	0.641667	0.580910636363636	0.909090909090909	0.641667	0	RS		chrIV:11831338:uqcrq	chrIV	11831338	0.54344	TRUE	concordant_preferred	4	8.5	8.1	+0.64	1.035	0
uqcrq	BC	14	0.54344	0.54344	0.282702928571429	0.714285714285714	0.910529	0.367089	SAY		chrIV:11831338:uqcrq	chrIV	11831338	0.54344	TRUE	concordant_preferred	4	8.5	8.9	+0.54	1.035	0
