gene	region	snp	marine_af	marine_pop	established	recent	recent_minus_established
atp5po	AK	chrIV:11725801:atp5po	0.388316	RS	0.566043	0.335494	-0.230549
atp5po	BC	chrIV:11725801:atp5po	0.609195	SAY	-0.013932	0.2280675	0.2419995
cox4i1	AK	chrII:12508082:cox4i1	0	RS	0.994186	0.390323	-0.603863
cox4i1	BC	chrII:12508082:cox4i1	0.011364	SAY	0.7899005	0.0012105	-0.78869
hccsb	AK	chrXXI:3392957:hccsb	0.986364	RS	-0.1625815	-0.0232640000000001	0.1393175
hccsb	BC	chrXXI:3392957:hccsb	0.901235	SAY	-0.8928805	0.0939105	0.986791
ndufa4	AK	chrXI:8086890:ndufa4	0.021212	RS	0.8654075	0.647266	-0.2181415
ndufa4	BC	chrXI:8086890:ndufa4	0.020408	SAY	0.7687405	0.00654	-0.7622005
ndufb4	AK	chrXXI:10019512:ndufb4	0	RS	0.9893045	0.729885	-0.2594195
ndufb4	BC	chrXXI:10019512:ndufb4	0.5	SAY	0.5	-0.2125665	-0.7125665
ndufs2	AK	chrVII:9857476:ndufs2	0.074236	RS	0.925764	0.39088	-0.534884
ndufs2	BC	chrVII:9857476:ndufs2	0.181818	SAY	0.818182	0.638337	-0.179845
ndufs7	AK	chrVIII:10731817:ndufs7	0.998534	RS	-0.3516	-0.217889	0.133711
ndufs7	BC	chrVIII:10731817:ndufs7	0.967033	SAY	-0.6889895	0.032967	0.7219565
ndufs8	AK	chrIV:9195996:ndufs8	1	RS	-0.7458315	-0.282468	0.4633635
ndufs8	BC	chrIV:9195996:ndufs8	0.904762	SAY	-0.571064	0.088659	0.659723
sdha	AK	chrXX:14457421:sdha	0.02682	RS	0.826475	0.405438	-0.421037
sdha	BC	chrXX:14457421:sdha	0.162791	SAY	0.677463	-0.162791	-0.840254
uqcrq	AK	chrIV:11831338:uqcrq	0	RS	0.66487	0.522222	-0.142648
uqcrq	BC	chrIV:11831338:uqcrq	0.367089	SAY	0.5842815	-0.367089	-0.9513705
