gene	region	snp	population_history	chr	pos	pop	af	depth	focal_allele	marine_pop	marine_af	marine_depth	deltaAF	abs_deltaAF	established_median_deltaAF	established_median_af	direction_matches_established
atp5po	AK	chrIV:11725801:atp5po	recent	chrIV	11725801	CH	0.601266	158		RS	0.388316	291	0.21295	0.21295	0.566043	0.954359	TRUE
atp5po	AK	chrIV:11725801:atp5po	recent	chrIV	11725801	LB	0.982609	115		RS	0.388316	291	0.594293	0.594293	0.566043	0.954359	TRUE
atp5po	AK	chrIV:11725801:atp5po	recent	chrIV	11725801	SC	0.72381	105		RS	0.388316	291	0.335494	0.335494	0.566043	0.954359	TRUE
atp5po	BC	chrIV:11725801:atp5po	recent	chrIV	11725801	FRED	0.786885	61		SAY	0.609195	87	0.17769	0.17769	-0.013932	0.595263	FALSE
atp5po	BC	chrIV:11725801:atp5po	recent	chrIV	11725801	PACH	0.88764	89		SAY	0.609195	87	0.278445	0.278445	-0.013932	0.595263	FALSE
cox4i1	AK	chrII:12508082:cox4i1	recent	chrII	12508082	CH	0.390323	310		RS	0	613	0.390323	0.390323	0.994186	0.994186	TRUE
cox4i1	AK	chrII:12508082:cox4i1	recent	chrII	12508082	LB	0.603687	217		RS	0	613	0.603687	0.603687	0.994186	0.994186	TRUE
cox4i1	AK	chrII:12508082:cox4i1	recent	chrII	12508082	SC	0.097561	246		RS	0	613	0.097561	0.097561	0.994186	0.994186	TRUE
cox4i1	BC	chrII:12508082:cox4i1	recent	chrII	12508082	FRED	0.015625	64		SAY	0.011364	88	0.004261	0.004261	0.7899005	0.8012645	TRUE
cox4i1	BC	chrII:12508082:cox4i1	recent	chrII	12508082	PACH	0.009524	105		SAY	0.011364	88	-0.00184	0.00184	0.7899005	0.8012645	FALSE
hccsb	AK	chrXXI:3392957:hccsb	recent	chrXXI	3392957	CH	0.897106	311		RS	0.986364	660	-0.0892580000000001	0.0892580000000001	-0.1625815	0.8237825	TRUE
hccsb	AK	chrXXI:3392957:hccsb	recent	chrXXI	3392957	LB	0.9631	271		RS	0.986364	660	-0.0232640000000001	0.0232640000000001	-0.1625815	0.8237825	TRUE
hccsb	AK	chrXXI:3392957:hccsb	recent	chrXXI	3392957	SC	1	269		RS	0.986364	660	0.013636	0.013636	-0.1625815	0.8237825	FALSE
hccsb	BC	chrXXI:3392957:hccsb	recent	chrXXI	3392957	FRED	1	92		SAY	0.901235	81	0.098765	0.098765	-0.8928805	0.0083545	FALSE
hccsb	BC	chrXXI:3392957:hccsb	recent	chrXXI	3392957	PACH	0.990291	103		SAY	0.901235	81	0.089056	0.089056	-0.8928805	0.0083545	FALSE
ndufa4	AK	chrXI:8086890:ndufa4	recent	chrXI	8086890	CH	0.742063	252		RS	0.021212	330	0.720851	0.720851	0.8654075	0.8866195	TRUE
ndufa4	AK	chrXI:8086890:ndufa4	recent	chrXI	8086890	LB	0.668478	184		RS	0.021212	330	0.647266	0.647266	0.8654075	0.8866195	TRUE
ndufa4	AK	chrXI:8086890:ndufa4	recent	chrXI	8086890	SC	0.515528	161		RS	0.021212	330	0.494316	0.494316	0.8654075	0.8866195	TRUE
ndufa4	BC	chrXI:8086890:ndufa4	recent	chrXI	8086890	FRED	0.035714	28		SAY	0.020408	49	0.015306	0.015306	0.7687405	0.7891485	TRUE
ndufa4	BC	chrXI:8086890:ndufa4	recent	chrXI	8086890	PACH	0.018182	55		SAY	0.020408	49	-0.002226	0.002226	0.7687405	0.7891485	FALSE
ndufb4	AK	chrXXI:10019512:ndufb4	recent	chrXXI	10019512	CH	0.729885	174		RS	0	207	0.729885	0.729885	0.9893045	0.9893045	TRUE
ndufb4	AK	chrXXI:10019512:ndufb4	recent	chrXXI	10019512	LB	0.911628	215		RS	0	207	0.911628	0.911628	0.9893045	0.9893045	TRUE
ndufb4	AK	chrXXI:10019512:ndufb4	recent	chrXXI	10019512	SC	0.715789	190		RS	0	207	0.715789	0.715789	0.9893045	0.9893045	TRUE
ndufb4	BC	chrXXI:10019512:ndufb4	recent	chrXXI	10019512	FRED	0.545455	44		SAY	0.5	40	0.045455	0.045455	0.5	1	TRUE
ndufb4	BC	chrXXI:10019512:ndufb4	recent	chrXXI	10019512	PACH	0.029412	34		SAY	0.5	40	-0.470588	0.470588	0.5	1	FALSE
ndufs2	AK	chrVII:9857476:ndufs2	recent	chrVII	9857476	CH	0.465116	301		RS	0.074236	687	0.39088	0.39088	0.925764	1	TRUE
ndufs2	AK	chrVII:9857476:ndufs2	recent	chrVII	9857476	LB	0.951327	226		RS	0.074236	687	0.877091	0.877091	0.925764	1	TRUE
ndufs2	AK	chrVII:9857476:ndufs2	recent	chrVII	9857476	SC	0.444882	254		RS	0.074236	687	0.370646	0.370646	0.925764	1	TRUE
ndufs2	BC	chrVII:9857476:ndufs2	recent	chrVII	9857476	FRED	0.855263	76		SAY	0.181818	77	0.673445	0.673445	0.818182	1	TRUE
ndufs2	BC	chrVII:9857476:ndufs2	recent	chrVII	9857476	PACH	0.785047	107		SAY	0.181818	77	0.603229	0.603229	0.818182	1	TRUE
ndufs7	AK	chrVIII:10731817:ndufs7	recent	chrVIII	10731817	CH	0.845161	310		RS	0.998534	682	-0.153373	0.153373	-0.3516	0.646934	TRUE
ndufs7	AK	chrVIII:10731817:ndufs7	recent	chrVIII	10731817	LB	0.493007	286		RS	0.998534	682	-0.505527	0.505527	-0.3516	0.646934	TRUE
ndufs7	AK	chrVIII:10731817:ndufs7	recent	chrVIII	10731817	SC	0.780645	310		RS	0.998534	682	-0.217889	0.217889	-0.3516	0.646934	TRUE
ndufs7	BC	chrVIII:10731817:ndufs7	recent	chrVIII	10731817	FRED	1	81		SAY	0.967033	91	0.032967	0.032967	-0.6889895	0.2780435	FALSE
ndufs7	BC	chrVIII:10731817:ndufs7	recent	chrVIII	10731817	PACH	1	114		SAY	0.967033	91	0.032967	0.032967	-0.6889895	0.2780435	FALSE
ndufs8	AK	chrIV:9195996:ndufs8	recent	chrIV	9195996	CH	0.717532	308		RS	1	517	-0.282468	0.282468	-0.7458315	0.2541685	TRUE
ndufs8	AK	chrIV:9195996:ndufs8	recent	chrIV	9195996	LB	0.262097	248		RS	1	517	-0.737903	0.737903	-0.7458315	0.2541685	TRUE
ndufs8	AK	chrIV:9195996:ndufs8	recent	chrIV	9195996	SC	1	245		RS	1	517	0	0	-0.7458315	0.2541685	FALSE
ndufs8	BC	chrIV:9195996:ndufs8	recent	chrIV	9195996	FRED	0.986842	76		SAY	0.904762	105	0.08208	0.08208	-0.571064	0.333698	FALSE
ndufs8	BC	chrIV:9195996:ndufs8	recent	chrIV	9195996	PACH	1	86		SAY	0.904762	105	0.095238	0.095238	-0.571064	0.333698	FALSE
sdha	AK	chrXX:14457421:sdha	recent	chrXX	14457421	CH	0.469512	164		RS	0.02682	261	0.442692	0.442692	0.826475	0.853295	TRUE
sdha	AK	chrXX:14457421:sdha	recent	chrXX	14457421	LB	0.009091	110		RS	0.02682	261	-0.017729	0.017729	0.826475	0.853295	FALSE
sdha	AK	chrXX:14457421:sdha	recent	chrXX	14457421	SC	0.432258	155		RS	0.02682	261	0.405438	0.405438	0.826475	0.853295	TRUE
sdha	BC	chrXX:14457421:sdha	recent	chrXX	14457421	FRED	0	27		SAY	0.162791	43	-0.162791	0.162791	0.677463	0.840254	FALSE
sdha	BC	chrXX:14457421:sdha	recent	chrXX	14457421	PACH	0	53		SAY	0.162791	43	-0.162791	0.162791	0.677463	0.840254	FALSE
uqcrq	AK	chrIV:11831338:uqcrq	recent	chrIV	11831338	CH	0.522222	270		RS	0	461	0.522222	0.522222	0.66487	0.66487	TRUE
uqcrq	AK	chrIV:11831338:uqcrq	recent	chrIV	11831338	LB	0.891304	230		RS	0	461	0.891304	0.891304	0.66487	0.66487	TRUE
uqcrq	AK	chrIV:11831338:uqcrq	recent	chrIV	11831338	SC	0	196		RS	0	461	0	0	0.66487	0.66487	FALSE
uqcrq	BC	chrIV:11831338:uqcrq	recent	chrIV	11831338	FRED	0	60		SAY	0.367089	79	-0.367089	0.367089	0.5842815	0.9513705	FALSE
uqcrq	BC	chrIV:11831338:uqcrq	recent	chrIV	11831338	PACH	0	82		SAY	0.367089	79	-0.367089	0.367089	0.5842815	0.9513705	FALSE
