gene	n_shared_complete_snps	n_concordant_shared_snps
atp5f1a	1647	22
atp5f1b	1527	21
atp5f1c	849	3
atp5f1d	480	5
atp5if1b	317	3
atp5l	309	1
atp5mc1	411	6
atp5mf	279	4
atp5pb	756	3
atp5pd	459	3
atp5pf	321	9
atp5po	639	3
cox4i1	507	9
cox4i2	476	5
cox5a	450	4
cox5b	207	0
cox6a1	336	2
cox6b1	264	3
cox6c	237	5
cox7a1	247	4
cox7a2	246	0
cox7a2l	300	4
cox7c	189	1
cyc1	921	14
dmac2l	624	13
ensgacg00000004591	417	8
ensgacg00000011687	312	2
ensgacg00000013583	306	4
hccsb	734	13
ndufa1	210	2
ndufa10	605	7
ndufa11	423	2
ndufa12	441	6
ndufa13	432	0
ndufa2	302	2
ndufa4	261	5
ndufa5	348	0
ndufa6	390	1
ndufa7	321	2
ndufa8	516	7
ndufa9a	550	2
ndufab1b	468	5
ndufb1	174	2
ndufb10	513	4
ndufb2	321	4
ndufb3	288	3
ndufb4	379	4
ndufb5	573	6
ndufb6	381	3
ndufb7	360	3
ndufb8	576	6
ndufb9	525	3
ndufs1	2190	22
ndufs2	1340	14
ndufs3	723	14
ndufs4	525	6
ndufs5	304	3
ndufs6	372	6
ndufs7	657	13
ndufs8	627	12
ndufv1	1482	6
ndufv2	732	1
sdha	1685	20
sdhc	473	6
si_dkey-31b16	864	10
uqcr10	198	0
uqcrb	333	2
uqcrc1	1461	11
uqcrc2b	1361	27
uqcrfs1	777	9
uqcrh	270	4
uqcrq	246	2
